-- MySQL dump 10.13  Distrib 5.7.17, for macos10.12 (x86_64)
--
-- Host: 27.74.245.84    Database: callcenter
-- ------------------------------------------------------
-- Server version	5.5.5-10.3.7-MariaDB

/*!40101 SET @OLD_CHARACTER_SET_CLIENT=@@CHARACTER_SET_CLIENT */;
/*!40101 SET @OLD_CHARACTER_SET_RESULTS=@@CHARACTER_SET_RESULTS */;
/*!40101 SET @OLD_COLLATION_CONNECTION=@@COLLATION_CONNECTION */;
/*!40101 SET NAMES utf8 */;
/*!40103 SET @OLD_TIME_ZONE=@@TIME_ZONE */;
/*!40103 SET TIME_ZONE='+00:00' */;
/*!40014 SET @OLD_UNIQUE_CHECKS=@@UNIQUE_CHECKS, UNIQUE_CHECKS=0 */;
/*!40014 SET @OLD_FOREIGN_KEY_CHECKS=@@FOREIGN_KEY_CHECKS, FOREIGN_KEY_CHECKS=0 */;
/*!40101 SET @OLD_SQL_MODE=@@SQL_MODE, SQL_MODE='NO_AUTO_VALUE_ON_ZERO' */;
/*!40111 SET @OLD_SQL_NOTES=@@SQL_NOTES, SQL_NOTES=0 */;

--
-- Table structure for table `tbl_appointment`
--

DROP TABLE IF EXISTS `tbl_appointment`;
/*!40101 SET @saved_cs_client     = @@character_set_client */;
/*!40101 SET character_set_client = utf8 */;
CREATE TABLE `tbl_appointment` (
  `appointmentID` bigint(255) NOT NULL AUTO_INCREMENT,
  `clinicUsername` varchar(20) DEFAULT NULL,
  `patientID` bigint(20) DEFAULT NULL,
  `appointmentTime` datetime DEFAULT NULL,
  `no` int(11) DEFAULT NULL,
  `status` tinyint(2) DEFAULT NULL,
  `bookedPhone` varchar(15) DEFAULT NULL,
  PRIMARY KEY (`appointmentID`) USING BTREE
) ENGINE=InnoDB AUTO_INCREMENT=912 DEFAULT CHARSET=latin1;
/*!40101 SET character_set_client = @saved_cs_client */;

--
-- Dumping data for table `tbl_appointment`
--

LOCK TABLES `tbl_appointment` WRITE;
/*!40000 ALTER TABLE `tbl_appointment` DISABLE KEYS */;
INSERT INTO `tbl_appointment` VALUES (13,'hoanghoa',16,'2018-06-03 23:57:40',0,1,'+18327795475'),(14,'hoanghoa',17,'2018-06-03 23:58:53',0,1,'+18327795475'),(15,'hoanghoa',18,'2018-06-04 00:14:22',0,0,'+18327795475'),(16,'hoanghoa',19,'2018-06-04 00:19:40',0,0,'+18327795475'),(17,'hoanghoa',20,'2018-06-04 00:14:22',0,0,'+18327795475'),(18,'hoanghoa',21,'2018-06-04 00:33:31',0,0,'+18327795475'),(19,'hoanghoa',22,'2018-06-04 00:37:49',0,0,'+18327795475'),(20,'hoanghoa',23,'2018-06-04 00:40:55',0,0,'+18327795475'),(21,'hoanghoa',24,'2018-06-04 00:45:30',0,0,'+18327795475'),(22,'hoanghoa',25,'2018-06-04 00:46:41',0,0,'+18327795475'),(23,'hoanghoa',26,'2018-06-04 00:48:52',0,0,'+18327795475'),(24,'hoanghoa',27,'2018-06-04 00:51:44',0,0,'+18327795475'),(25,'hoanghoa',28,'2018-06-04 00:53:14',0,0,'+18327795475'),(26,'hoanghoa',29,'2018-06-04 00:54:58',0,0,'+18327795475'),(27,'hoanghoa',30,'2018-06-04 08:25:06',0,1,'+18327795475'),(28,'hoanghoa',31,'2018-06-04 09:04:12',0,1,'+18327795475'),(29,'hoanghoa',32,'2018-06-04 09:37:16',0,1,'+18327795475'),(30,'hoanghoa',33,'2018-06-04 09:49:32',0,1,'+18327795475'),(31,'hoanghoa',34,'2018-06-04 09:58:02',0,1,'+18327795475'),(32,'hoanghoa',35,'2018-06-06 10:27:44',0,1,'+18327795475'),(33,'hoanghoa',36,'2018-06-04 10:30:46',0,1,'+18327795475'),(34,'hoanghoa',37,'2018-06-04 10:33:50',0,1,'+84902895671'),(35,'hoanghoa',38,'2018-06-04 15:22:45',0,1,'+18327795475'),(36,'hoanghoa',39,'2018-06-04 15:32:03',0,1,'+18327795475'),(37,'hoanghoa',40,'2018-06-04 15:47:03',0,1,'+18327795475'),(38,'hoanghoa',41,'2018-06-04 15:48:41',0,1,'+18327795475'),(39,'hoanghoa',42,'2018-06-05 16:00:27',0,1,'+18327795475'),(40,'hoanghoa',43,'2018-06-05 16:06:46',0,1,'+18327795475'),(41,'hoanghoa',44,'2018-06-05 16:06:47',0,1,'+84969345159'),(42,'hoanghoa',45,'2018-06-05 16:06:50',0,1,'+841655594954'),(43,'hoanghoa',46,'2018-06-05 16:11:55',0,1,'+84969345159'),(44,'hoanghoa',47,'2018-06-05 16:13:51',0,1,'+841655594954'),(45,'hoanghoa',48,'2018-06-05 16:18:00',0,1,'+84932107960'),(110,'hoanghoa',45,'2018-06-06 15:45:00',0,1,'+841655594954'),(118,'hoanghoa',197,'2018-06-06 18:45:00',0,1,'+18327795475'),(147,'hoanghoa',609,'2018-06-07 17:00:00',0,1,'+18327795475'),(148,'hoanghoa',227,'2018-06-07 17:20:00',0,1,'+84976666375'),(149,'hoanghoa',228,'2018-06-07 17:40:00',0,1,'+841655594954'),(150,'hoanghoa',229,'2018-06-07 18:00:00',0,1,'+18327795475'),(151,'hoanghoa',230,'2018-06-07 18:20:00',0,1,'+18327795475'),(152,'hoanghoa',231,'2018-06-07 18:40:00',0,1,'+18327795475'),(153,'hoanghoa',232,'2018-06-07 19:00:00',0,1,'+841655594954'),(154,'hoanghoa',233,'2018-06-08 17:00:00',0,1,'+84969345678'),(155,'hoanghoa',234,'2018-06-08 17:20:00',0,1,'+18327795475'),(156,'hoanghoa',235,'2018-06-08 17:40:00',0,1,'+841655594954'),(157,'hoanghoa',236,'2018-06-08 18:00:00',0,1,'+18327795475'),(158,'hoanghoa',237,'2018-06-08 18:20:00',0,1,'+841655594954'),(159,'hoanghoa',238,'2018-06-08 18:40:00',0,1,'+84969345951'),(160,'hoanghoa',239,'2018-06-09 19:00:00',0,1,'+1841655594954'),(161,'hoanghoa',240,'2018-06-09 19:20:00',0,1,'+18327795475'),(189,'hoanghoa',268,'2018-06-11 09:00:00',1,1,'+18327795475'),(190,'hoanghoa',269,'2018-06-11 09:30:00',2,1,'+18327795475'),(191,'hoanghoa',270,'2018-06-11 10:00:00',3,1,'+18327795475'),(192,'hoanghoa',271,'2018-06-11 10:30:00',4,1,'+18327795475'),(193,'hoanghoa',272,'2018-06-11 11:00:00',5,1,'+18327795475'),(194,'hoanghoa',231,'2018-06-11 11:30:00',6,1,'+18327795475'),(216,'hoanghoa',295,'2018-06-14 11:00:00',1,1,'+18327795475'),(217,'hoanghoa',296,'2018-06-14 11:20:00',2,1,'+18327795475'),(218,'hoanghoa',297,'2018-06-14 11:40:00',3,1,'+18327795475'),(219,'hoanghoa',298,'2018-06-14 12:00:00',4,1,'+18327795475'),(223,'hoanghoa',302,'2018-06-14 04:20:00',5,1,'+84969345231'),(224,'hoanghoa',303,'2018-06-14 04:40:00',6,1,'+18326735555'),(225,'hoanghoa',304,'2018-06-14 05:00:00',7,1,'+18326435678'),(226,'hoanghoa',305,'2018-06-14 05:20:00',8,1,'+18326435984'),(227,'hoanghoa',306,'2018-06-15 17:00:00',1,1,'+18327795475'),(228,'hoanghoa',307,'2018-06-15 17:20:00',2,1,'+18326735555'),(229,'hoanghoa',308,'2018-06-15 17:40:00',3,1,'+18326435678'),(230,'hoanghoa',309,'2018-06-15 18:00:00',4,1,'+18326435984'),(231,'hoanghoa',310,'2018-06-15 18:20:00',5,1,'+84969345159'),(232,'hoanghoa',311,'2018-06-15 18:40:00',6,1,'+84932107960'),(234,'thanhthuan',313,'2018-06-16 06:30:00',1,1,'+84932107960'),(236,'hoanghoa',315,'2018-06-16 17:00:00',1,1,'+18327795475'),(237,'hoanghoa',316,'2018-06-16 17:20:00',2,1,'+841655594954'),(238,'hoanghoa',317,'2018-06-16 17:40:00',3,1,'+84932107960'),(239,'hoanghoa',318,'2018-06-16 18:00:00',4,1,'+18326735555'),(240,'hoanghoa',319,'2018-06-16 18:20:00',5,1,'+84976666375'),(241,'hoanghoa',320,'2018-06-17 01:32:00',1,1,'+18327795475'),(242,'hoanghoa',321,'2018-06-17 01:52:00',2,1,'+18326735555'),(243,'hoanghoa',322,'2018-06-17 02:12:00',3,1,'+18326435678'),(244,'hoanghoa',323,'2018-06-17 02:32:00',4,1,'+18326435984'),(245,'hoanghoa',324,'2018-06-17 02:52:00',5,1,'+18325435434'),(246,'hoanghoa',325,'2018-06-17 03:12:00',6,1,'+18327643045'),(247,'hoanghoa',326,'2018-06-17 03:32:00',7,1,'+18328949640'),(248,'hoanghoa',327,'2018-06-17 03:52:00',8,1,'+18325394579'),(249,'hoanghoa',328,'2018-06-17 04:12:00',9,1,'+18375674567'),(250,'hoanghoa',329,'2018-06-17 04:32:00',10,1,'+18335465473'),(251,'hoanghoa',330,'2018-06-18 09:00:00',1,1,'+18327795475'),(252,'hoanghoa',331,'2018-06-18 09:20:00',2,1,'+18326735555'),(253,'hoanghoa',332,'2018-06-18 09:40:00',3,1,'+18326435678'),(254,'hoanghoa',333,'2018-06-18 10:00:00',4,1,'+18326435984'),(255,'hoanghoa',334,'2018-06-18 10:20:00',5,1,'+18325435434'),(256,'hoanghoa',335,'2018-06-18 10:40:00',6,1,'+18327643045'),(257,'hoanghoa',336,'2018-06-18 11:00:00',7,1,'+18328949640'),(258,'hoanghoa',337,'2018-06-18 11:20:00',8,1,'+18325394579'),(259,'hoanghoa',338,'2018-06-18 11:40:00',9,1,'+18375674567'),(260,'hoanghoa',339,'2018-06-18 12:00:00',10,1,'+18335465473'),(264,'hoanghoa',41,'2018-06-19 16:40:00',1,1,'+18327795475'),(267,'hoanghoa',350,'2018-06-19 16:40:00',2,1,'+18327795475'),(268,'hoanghoa',351,'2018-06-19 16:40:00',3,1,'+18327795475'),(269,'hoanghoa',21,'2018-06-19 17:00:00',4,1,'+18327795475'),(270,'hoanghoa',272,'2018-06-19 17:00:00',5,1,'+18327795475'),(271,'hoanghoa',261,'2018-06-19 17:00:00',6,1,'+18327795475'),(274,'hoanghoa',355,'2018-06-20 18:00:00',3,1,'+18327795475'),(275,'hoanghoa',272,'2018-06-20 18:20:00',4,1,'+18327795475'),(276,'hoanghoa',356,'2018-06-22 17:00:00',1,1,'+84903937507'),(277,'hoanghoa',357,'2018-06-23 17:00:00',1,1,'+18327795475'),(278,'hoanghoa',358,'2018-06-23 17:20:00',2,1,'+18327795475'),(279,'hoanghoa',359,'2018-06-23 17:40:00',3,1,'+84969345159'),(280,'hoanghoa',360,'2018-06-23 18:00:00',4,1,'+84969345159'),(281,'hoanghoa',361,'2018-06-23 18:20:00',5,1,'+84969345159'),(282,'hoanghoa',362,'2018-06-23 18:40:00',6,1,'+18327795475'),(288,'hoanghoa',367,'2018-06-24 18:20:00',1,1,'+18327795475'),(297,'hoanghoa',376,'2018-06-25 17:00:00',1,1,'+18327795475'),(298,'hoanghoa',377,'2018-06-25 17:30:00',2,1,'+18326735555'),(305,'hoanghoa',383,'2018-06-26 17:00:00',1,0,'+18327795475'),(306,'hoanghoa',370,'2018-06-26 17:30:00',2,1,'+18326735555'),(307,'hoanghoa',384,'2018-06-26 18:00:00',3,0,'+18326435678'),(308,'hoanghoa',385,'2018-06-26 21:33:00',4,1,'+18326435984'),(309,'hoanghoa',386,'2018-06-26 21:48:00',5,0,'+18325435434'),(310,'hoanghoa',387,'2018-06-26 21:58:00',6,0,'+18327643045'),(311,'hoanghoa',388,'2018-06-26 22:08:00',7,0,'+18328949640'),(312,'hoanghoa',389,'2018-06-26 22:18:00',8,0,'+18325394579'),(318,'hoanghoa',399,'2018-06-27 14:40:00',1,1,'+18327795475'),(319,'hoanghoa',374,'2018-06-27 15:10:00',2,1,'+18327795475'),(320,'hoanghoa',400,'2018-06-27 15:20:00',3,1,'+18327795475'),(321,'hoanghoa',401,'2018-06-27 15:30:00',4,1,'+18327795475'),(322,'hoanghoa',402,'2018-06-27 15:40:00',5,1,'+18327795475'),(323,'hoanghoa',403,'2018-06-27 15:50:00',6,1,'+18327795475'),(324,'hoanghoa',404,'2018-06-27 16:00:00',7,1,'+18327795475'),(325,'hoanghoa',405,'2018-06-27 16:10:00',8,1,'+18327795475'),(326,'hoanghoa',406,'2018-06-27 16:30:00',9,1,'+18327795475'),(327,'hoanghoa',407,'2018-06-27 16:50:00',10,1,'+18327795475'),(328,'hoanghoa',408,'2018-06-27 17:10:00',11,1,'+18327795475'),(329,'hoanghoa',409,'2018-06-27 17:30:00',12,1,'+18327795475'),(330,'hoanghoa',410,'2018-06-27 17:50:00',13,1,'+18327795475'),(331,'hoanghoa',411,'2018-06-28 10:00:00',1,0,'+18327795475'),(332,'hoanghoa',412,'2018-06-28 10:20:00',2,0,'+18327795475'),(333,'hoanghoa',413,'2018-06-28 10:40:00',3,0,'+18327795475'),(334,'hoanghoa',414,'2018-06-28 11:00:00',4,0,'+18327795475'),(335,'hoanghoa',415,'2018-06-28 15:00:00',5,0,'+18327795475'),(336,'hoanghoa',416,'2018-06-28 15:20:00',6,0,'+18327795475'),(337,'hoanghoa',417,'2018-06-28 15:40:00',7,1,'+18327795475'),(338,'hoanghoa',418,'2018-06-28 16:00:00',8,1,'+18327795475'),(339,'hoanghoa',419,'2018-06-28 16:20:00',9,1,'+18327795475'),(340,'hoanghoa',660,'2018-06-28 16:40:00',10,1,'+18327795475'),(341,'hoanghoa',421,'2018-06-28 17:00:00',11,1,'+18327795475'),(342,'hoanghoa',422,'2018-06-28 17:20:00',12,1,'+18327795475'),(343,'hoanghoa',423,'2018-06-28 17:40:00',13,1,'+18327795475'),(344,'hoanghoa',424,'2018-06-28 18:00:00',14,1,'+18327795475'),(345,'hoanghoa',425,'2018-06-28 18:20:00',15,1,'+18327795475'),(346,'hoanghoa',426,'2018-06-28 18:40:00',16,1,'+18327795475'),(347,'hoanghoa',427,'2018-06-28 19:00:00',17,0,'+18327795475'),(348,'hoanghoa',428,'2018-06-28 19:00:00',18,0,'+18327795475'),(349,'hoanghoa',429,'2018-06-28 19:00:00',19,1,'+18327795475'),(350,'hoanghoa',430,'2018-06-28 19:00:00',20,1,'+18327795475'),(351,'hoanghoa',431,'2018-06-28 19:00:00',21,1,'+18327795475'),(352,'hoanghoa',432,'2018-06-28 19:00:00',22,1,'+18327795475'),(353,'hoanghoa',433,'2018-06-28 19:00:00',23,1,'+18327795475'),(354,'hoanghoa',434,'2018-06-28 19:00:00',24,1,'+18327795475'),(369,'hoanghoa',447,'2018-06-29 17:00:00',1,1,'+84969456169'),(370,'hoanghoa',448,'2018-06-29 17:00:00',2,1,'+84969456123'),(371,'hoanghoa',449,'2018-06-29 17:00:00',3,1,'+84969456123'),(372,'hoanghoa',450,'2018-06-29 17:20:00',4,1,'+84969412342'),(373,'hoanghoa',451,'2018-06-29 17:40:00',5,1,'+84969412342'),(374,'hoanghoa',452,'2018-06-29 18:00:00',6,1,'+84969412342'),(375,'hoanghoa',453,'2018-06-29 18:20:00',7,1,'+84969412342'),(377,'hoanghoa',455,'2018-07-03 09:20:00',1,0,'+18327795475'),(378,'hoanghoa',456,'2018-07-03 09:40:00',2,0,'+18327795475'),(379,'hoanghoa',457,'2018-07-03 10:00:00',3,0,'+18327795475'),(380,'hoanghoa',458,'2018-07-03 10:20:00',4,0,'+18327795475'),(381,'hoanghoa',459,'2018-07-03 10:40:00',5,0,'+18327795475'),(382,'hoanghoa',460,'2018-07-03 11:00:00',6,0,'+18327795475'),(383,'hoanghoa',461,'2018-07-03 11:20:00',7,0,'+18327795475'),(384,'hoanghoa',462,'2018-07-03 11:40:00',8,0,'+18327795475'),(385,'hoanghoa',432,'2018-07-03 12:20:00',9,0,'+18327795475'),(386,'hoanghoa',463,'2018-07-03 12:40:00',10,0,'+18327795475'),(387,'hoanghoa',464,'2018-07-03 13:00:00',11,0,'+18327795475'),(388,'hoanghoa',465,'2018-07-03 13:20:00',12,0,'+18327795475'),(389,'hoanghoa',466,'2018-07-03 13:40:00',13,0,'+18327795475'),(390,'hoanghoa',467,'2018-07-03 14:00:00',14,0,'+18327795475'),(391,'hoanghoa',468,'2018-07-03 14:20:00',15,0,'+18327795475'),(392,'hoanghoa',469,'2018-07-03 14:40:00',16,0,'+18327795475'),(393,'hoanghoa',470,'2018-07-03 15:00:00',17,0,'+18327795475'),(394,'hoanghoa',471,'2018-07-03 15:20:00',18,2,'+18327795475'),(395,'hoanghoa',472,'2018-07-03 16:00:00',19,2,'+18327795475'),(396,'hoanghoa',473,'2018-07-03 16:20:00',20,2,'+18327795475'),(397,'hoanghoa',474,'2018-07-04 12:40:00',1,0,'+18327795475'),(398,'hoanghoa',475,'2017-07-04 13:00:00',1,0,'+18327795475'),(399,'hoanghoa',370,'2017-07-04 13:20:00',2,0,'+18326735555'),(400,'hoanghoa',476,'2017-07-04 13:40:00',3,0,'+18327795475'),(401,'hoanghoa',477,'2017-07-04 14:00:00',4,0,'+18327795475'),(402,'hoanghoa',478,'2017-07-04 14:20:00',5,0,'+18327795475'),(403,'hoanghoa',479,'2017-07-04 14:40:00',6,0,'+18327795475'),(404,'hoanghoa',480,'2017-07-04 15:00:00',7,0,'+18327795475'),(405,'hoanghoa',481,'2017-06-04 13:00:00',1,0,'+84969412342'),(406,'hoanghoa',482,'2017-06-04 13:20:00',2,0,'+84969412342'),(407,'hoanghoa',483,'2017-06-04 13:40:00',3,0,'+84969412342'),(408,'hoanghoa',484,'2017-06-04 14:00:00',4,0,'+84969412342'),(409,'hoanghoa',485,'2017-06-04 14:20:00',5,0,'+84969412342'),(410,'hoanghoa',486,'2017-06-04 14:40:00',6,0,'+84969412342'),(411,'hoanghoa',487,'2017-06-04 15:00:00',7,0,'+84969412342'),(412,'hoanghoa',488,'2017-06-04 15:20:00',8,0,'+84969412342'),(413,'hoanghoa',450,'2017-06-04 15:40:00',9,0,'+84969412342'),(414,'hoanghoa',450,'2016-06-04 13:00:00',1,0,'+84969412342'),(415,'hoanghoa',453,'2016-06-04 13:20:00',2,0,'+84969412342'),(416,'hoanghoa',489,'2016-06-04 13:40:00',3,0,'+84969412342'),(417,'hoanghoa',490,'2016-06-04 14:00:00',4,0,'+84969412342'),(418,'hoanghoa',491,'2016-06-04 14:20:00',5,0,'+84969412342'),(419,'hoanghoa',492,'2016-06-04 14:40:00',6,0,'+84969412342'),(420,'hoanghoa',493,'2016-06-04 15:00:00',7,0,'+84969412342'),(421,'hoanghoa',494,'2016-06-04 15:20:00',8,0,'+84969412342'),(422,'hoanghoa',494,'2016-08-04 13:20:00',1,0,'+84969412342'),(423,'hoanghoa',495,'2016-08-04 13:40:00',2,0,'+84969412342'),(424,'hoanghoa',496,'2016-08-04 14:00:00',3,0,'+84969412342'),(425,'hoanghoa',497,'2016-08-04 14:20:00',4,0,'+84969345159'),(426,'hoanghoa',498,'2016-08-04 14:40:00',5,0,'+84969345159'),(427,'hoanghoa',499,'2016-08-04 15:00:00',6,0,'+84969345159'),(428,'hoanghoa',499,'2016-08-04 15:00:00',6,0,'+84969345159'),(429,'hoanghoa',500,'2016-08-04 15:20:00',8,0,'+84969345159'),(430,'hoanghoa',501,'2016-08-04 15:40:00',9,0,'+84969345159'),(431,'hoanghoa',502,'2016-08-04 16:00:00',10,0,'+84969345159'),(432,'hoanghoa',503,'2016-08-04 16:20:00',11,0,'+84969345159'),(433,'hoanghoa',504,'2016-08-04 16:40:00',12,0,'+84969345159'),(434,'hoanghoa',504,'2016-07-04 13:20:00',1,0,'+84969345159'),(435,'hoanghoa',505,'2016-07-04 13:40:00',2,0,'+84969345159'),(436,'hoanghoa',499,'2016-07-04 14:00:00',3,0,'+84969345159'),(437,'hoanghoa',499,'2016-07-04 14:00:00',3,0,'+84969345159'),(438,'hoanghoa',506,'2016-07-04 14:20:00',5,0,'+84969345159'),(439,'hoanghoa',507,'2016-07-04 14:40:00',6,0,'+84969345159'),(440,'hoanghoa',508,'2016-07-04 14:40:00',6,0,'+84969345159'),(441,'hoanghoa',509,'2016-07-04 15:00:00',8,0,'+84969345159'),(442,'hoanghoa',510,'2016-07-04 15:20:00',9,0,'+84969345159'),(443,'hoanghoa',511,'2016-07-04 15:40:00',10,0,'+84969345159'),(444,'hoanghoa',512,'2017-09-04 13:40:00',1,1,'+84969345159'),(445,'hoanghoa',513,'2017-09-04 14:00:00',2,1,'+84969345159'),(446,'hoanghoa',514,'2017-09-04 14:20:00',3,1,'+84969345159'),(447,'hoanghoa',515,'2017-09-04 14:40:00',4,1,'+84969345159'),(448,'hoanghoa',516,'2017-09-04 15:00:00',5,1,'+84969345159'),(449,'hoanghoa',517,'2017-09-04 15:20:00',6,1,'+84969345159'),(450,'hoanghoa',518,'2017-08-04 17:00:00',1,1,'+84969345159'),(451,'hoanghoa',519,'2017-08-04 17:20:00',2,1,'+84969345159'),(452,'hoanghoa',520,'2017-08-04 17:40:00',3,1,'+84969345159'),(453,'hoanghoa',521,'2017-08-04 18:00:00',4,1,'+84969345159'),(454,'hoanghoa',522,'2017-08-04 18:20:00',5,1,'+84969345159'),(455,'hoanghoa',523,'2017-08-04 18:40:00',6,1,'+84969345159'),(456,'hoanghoa',524,'2018-05-04 17:00:00',1,1,'+84969345159'),(457,'hoanghoa',525,'2018-05-04 17:20:00',2,1,'+84969345159'),(458,'hoanghoa',526,'2018-05-04 17:40:00',3,1,'+84969345159'),(459,'hoanghoa',527,'2018-05-04 18:00:00',4,1,'+84969345159'),(460,'hoanghoa',528,'2018-05-04 18:20:00',5,1,'+84969345159'),(461,'hoanghoa',529,'2018-05-04 18:40:00',6,1,'+84969345159'),(462,'hoanghoa',530,'2018-04-01 13:40:00',1,1,'+84969345159'),(463,'hoanghoa',531,'2018-04-01 14:00:00',2,1,'+84969345159'),(464,'hoanghoa',532,'2018-04-01 14:20:00',3,1,'+84969345159'),(465,'hoanghoa',512,'2018-04-01 14:40:00',4,1,'+84969345159'),(466,'hoanghoa',533,'2018-04-01 15:00:00',5,1,'+84969345159'),(467,'hoanghoa',501,'2018-04-01 15:20:00',6,1,'+84969345159'),(468,'hoanghoa',534,'2018-04-01 15:40:00',7,1,'+84969345159'),(469,'hoanghoa',535,'2018-04-01 16:00:00',8,1,'+84969345159'),(470,'hoanghoa',536,'2018-04-01 16:20:00',9,1,'+84969345159'),(471,'hoanghoa',537,'2018-04-01 16:40:00',10,1,'+84969345159'),(472,'hoanghoa',537,'2018-03-01 15:00:00',1,1,'+84969345159'),(473,'hoanghoa',538,'2018-03-01 15:20:00',2,1,'+84969345159'),(474,'hoanghoa',539,'2018-03-01 15:20:00',2,1,'+84969345159'),(475,'hoanghoa',540,'2018-03-01 15:40:00',4,1,'+84969345159'),(476,'hoanghoa',541,'2018-03-01 16:00:00',5,1,'+84969345159'),(477,'hoanghoa',542,'2018-03-01 16:20:00',6,1,'+84969345159'),(478,'hoanghoa',543,'2018-03-01 16:40:00',7,1,'+84969345159'),(479,'hoanghoa',544,'2018-03-01 17:00:00',8,1,'+84969345159'),(480,'hoanghoa',544,'2018-02-01 16:00:00',1,1,'+84969345159'),(481,'hoanghoa',545,'2018-02-01 16:20:00',2,1,'+84969345159'),(482,'hoanghoa',543,'2018-02-01 16:40:00',3,1,'+84969345159'),(483,'hoanghoa',546,'2018-02-01 17:00:00',4,1,'+84969345159'),(484,'hoanghoa',540,'2018-02-01 17:20:00',5,1,'+84969345159'),(485,'hoanghoa',547,'2018-02-01 17:40:00',6,1,'+84969345159'),(486,'hoanghoa',548,'2018-02-01 18:00:00',7,1,'+84969345159'),(487,'hoanghoa',549,'2018-02-01 18:00:00',7,1,'+84969345159'),(488,'hoanghoa',550,'2018-02-01 18:20:00',9,1,'+84969345159'),(489,'hoanghoa',551,'2018-01-01 16:00:00',1,1,'+84969248184'),(490,'hoanghoa',552,'2018-01-01 16:20:00',2,1,'+84969248184'),(491,'hoanghoa',553,'2018-01-01 16:40:00',3,1,'+84969248184'),(492,'hoanghoa',554,'2018-01-01 17:00:00',4,1,'+84969248184'),(493,'hoanghoa',555,'2018-01-01 17:20:00',5,1,'+84969248184'),(494,'hoanghoa',556,'2018-01-01 17:40:00',6,1,'+84969248184'),(495,'hoanghoa',557,'2018-01-01 18:00:00',7,1,'+84969248184'),(496,'hoanghoa',558,'2018-01-01 18:20:00',8,1,'+84969248184'),(497,'hoanghoa',559,'2018-01-01 18:40:00',9,1,'+84969248184'),(498,'hoanghoa',560,'2018-01-01 19:00:00',10,1,'+84969248184'),(499,'hoanghoa',561,'2018-01-01 19:20:00',11,1,'+84969248184'),(500,'hoanghoa',562,'2018-01-01 19:40:00',12,1,'+84969248184'),(501,'hoanghoa',563,'2018-05-01 16:00:00',1,1,'+84969248184'),(502,'hoanghoa',564,'2018-05-01 16:20:00',2,1,'+84969248184'),(503,'hoanghoa',565,'2018-05-01 16:40:00',3,1,'+84969248184'),(504,'hoanghoa',566,'2018-05-01 17:00:00',4,1,'+84969248184'),(505,'hoanghoa',567,'2018-05-01 17:20:00',5,1,'+84969248184'),(506,'hoanghoa',567,'2018-05-02 16:00:00',1,1,'+84969248184'),(507,'hoanghoa',559,'2018-05-02 16:20:00',2,1,'+84969248184'),(511,'hoanghoa',571,'2018-07-07 10:20:00',1,1,'+18327795475'),(512,'hoanghoa',572,'2018-07-07 10:40:00',2,1,'+18327795475'),(513,'hoanghoa',573,'2018-07-07 11:00:00',3,1,'+18327795475'),(514,'hoanghoa',574,'2018-07-07 11:20:00',4,1,'+18327795475'),(515,'hoanghoa',575,'2018-07-07 11:40:00',5,1,'+18327795475'),(516,'hoanghoa',576,'2018-07-07 12:00:00',6,1,'+18327795475'),(517,'hoanghoa',577,'2018-07-07 12:20:00',7,1,'+18327795475'),(519,'hoanghoa',609,'2018-07-10 14:00:00',1,1,'+18327795475'),(520,'hoanghoa',660,'2018-07-10 14:20:00',2,1,'+18327795475'),(521,'hoanghoa',581,'2018-07-11 11:00:00',1,1,'+18327795475'),(522,'hoanghoa',582,'2018-07-11 12:20:00',2,1,'+18327795475'),(523,'hoanghoa',583,'2018-07-11 17:30:00',3,1,'+18327795475'),(524,'hoanghoa',584,'2018-07-11 13:30:00',4,1,'+18327795475'),(525,'hoanghoa',585,'2018-07-11 17:40:00',5,1,'+18327795475'),(527,'hoanghoa',587,'2018-07-11 18:00:00',6,1,'+18327795475'),(528,'hoanghoa',609,'2018-07-12 10:40:00',1,1,'+18327795475'),(529,'hoanghoa',589,'2018-07-12 11:00:00',2,1,'+18327795475'),(530,'hoanghoa',590,'2018-07-12 11:20:00',3,1,'+18327795475'),(531,'hoanghoa',591,'2018-07-12 11:40:00',4,1,'+18327795475'),(532,'hoanghoa',592,'2018-07-12 12:00:00',5,1,'+18327795475'),(533,'hoanghoa',593,'2018-07-12 12:20:00',6,1,'+18327795475'),(534,'hoanghoa',594,'2018-07-12 12:40:00',7,1,'+18327795475'),(535,'hoanghoa',595,'2018-07-12 13:00:00',8,1,'+18327795475'),(536,'hoanghoa',596,'2018-07-12 13:20:00',9,1,'+18327795475'),(537,'hoanghoa',597,'2018-07-12 13:40:00',10,1,'+18327795475'),(538,'hoanghoa',598,'2018-07-12 14:00:00',11,1,'+18327795475'),(539,'hoanghoa',599,'2018-07-12 14:20:00',12,1,'+18327795475'),(540,'hoanghoa',600,'2018-07-12 14:40:00',13,1,'+18327795475'),(541,'hoanghoa',601,'2018-07-12 15:00:00',14,1,'+18327795475'),(542,'hoanghoa',602,'2018-07-12 15:20:00',15,1,'+18327795475'),(543,'hoanghoa',603,'2018-07-12 15:40:00',16,1,'+18327795475'),(544,'hoanghoa',604,'2018-07-12 16:00:00',17,1,'+18327795475'),(545,'hoanghoa',605,'2018-07-12 16:20:00',18,1,'+18327795475'),(546,'hoanghoa',606,'2018-07-12 16:40:00',19,1,'+18327795475'),(547,'hoanghoa',606,'2018-07-12 17:00:00',20,1,'+18327795475'),(553,'hoanghoa',609,'2018-07-13 15:00:00',1,1,'+18327795475'),(554,'hoanghoa',610,'2018-07-13 15:20:00',2,1,'+18327795475'),(555,'hoanghoa',610,'2018-07-13 16:10:00',3,1,'+18327795475'),(556,'hoanghoa',609,'2018-07-13 16:30:00',4,0,'+18327795475'),(557,'hoanghoa',609,'2018-07-13 16:50:00',5,0,'+18327795475'),(558,'hoanghoa',609,'2018-07-14 09:40:00',1,1,'+18327795475'),(559,'hoanghoa',609,'2018-07-14 10:00:00',2,1,'+18327795475'),(560,'hoanghoa',229,'2018-07-14 10:20:00',3,1,'+18327795475'),(561,'hoanghoa',272,'2018-07-14 10:40:00',4,1,'+18327795475'),(564,'hoanghoa',609,'2018-07-14 13:20:00',5,1,'+18327795475'),(565,'hoanghoa',609,'2018-07-14 15:20:00',6,0,'+18327795475'),(566,'hoanghoa',609,'2018-07-14 15:40:00',7,0,'+18327795475'),(567,'hoanghoa',610,'2018-07-14 16:00:00',8,1,'+18327795475'),(568,'hoanghoa',610,'2018-07-14 16:20:00',9,0,'+18327795475'),(569,'hoanghoa',610,'2018-07-14 16:40:00',10,0,'+18327795475'),(570,'hoanghoa',610,'2018-07-14 17:00:00',11,0,'+18327795475'),(571,'hoanghoa',609,'2018-07-14 17:20:00',12,0,'+18327795475'),(572,'hoanghoa',609,'2018-07-14 17:40:00',13,0,'+18327795475'),(573,'hoanghoa',609,'2018-07-14 18:00:00',14,0,'+18327795475'),(574,'hoanghoa',606,'2018-07-14 18:20:00',15,0,'+18327795475'),(575,'hoanghoa',610,'2018-07-14 18:40:00',16,0,'+18327795475'),(576,'hoanghoa',609,'2018-07-14 19:00:00',17,1,'+18327795475'),(577,'hoanghoa',609,'2018-07-14 19:20:00',18,0,'+18327795475'),(578,'hoanghoa',610,'2018-07-14 19:40:00',19,0,'+18327795475'),(579,'hoanghoa',609,'2018-07-14 20:00:00',20,0,'+18327795475'),(580,'hoanghoa',610,'2018-07-14 20:20:00',21,0,'+18327795475'),(581,'hoanghoa',609,'2018-07-14 20:40:00',22,0,'+18327795475'),(582,'hoanghoa',540,'2018-07-15 10:20:00',1,0,'+84969345159'),(583,'hoanghoa',609,'2018-07-15 10:40:00',2,0,'+18327795475'),(589,'hoanghoa',609,'2018-07-16 11:00:00',1,0,'+18327795475'),(590,'hoanghoa',609,'2018-07-17 11:00:00',1,0,'+18327795475'),(591,'hoanghoa',609,'2018-07-18 11:40:00',1,1,'+18327795475'),(592,'hoanghoa',599,'2018-07-18 12:00:00',2,1,'+84969345159'),(593,'hoanghoa',635,'2018-07-18 12:20:00',3,1,'+84969345159'),(594,'hoanghoa',599,'2018-07-18 13:00:00',4,0,'+84969345159'),(599,'hoanghoa',641,'2018-07-19 12:00:00',1,1,'+18327795475'),(600,'hoanghoa',642,'2018-07-19 12:30:00',2,1,'+18327795475'),(601,'hoanghoa',643,'2018-07-19 13:00:00',3,1,'+18327795475'),(602,'phuongtest1',644,'2018-07-19 17:00:00',1,1,'+84969345159'),(603,'phuongtest1',679,'2018-07-19 17:30:00',2,1,'+84969345159'),(604,'phuongtest1',646,'2018-07-19 18:00:00',3,1,'+84969345159'),(605,'phuongtest1',647,'2018-07-19 18:30:00',4,1,'+84969345159'),(606,'phuongtest1',648,'2018-07-19 19:00:00',5,1,'+84969345159'),(607,'phuongtest1',649,'2018-07-19 19:30:00',6,1,'+84969345159'),(608,'phuongtest1',650,'2018-07-19 19:50:00',7,1,'+84969345159'),(609,'phuongtest1',651,'2018-07-19 20:10:00',8,1,'+84969345159'),(610,'phuongtest1',652,'2018-07-19 20:30:00',9,1,'+84969345159'),(611,'phuongtest1',653,'2018-07-19 20:50:00',10,1,'+84969345159'),(612,'phuongtest1',654,'2018-07-19 21:10:00',11,1,'+84969345159'),(613,'phuongtest1',644,'2018-07-19 21:30:00',12,1,'+18327795475'),(614,'phuongtest1',644,'2018-07-19 21:50:00',13,1,'+18327795475'),(615,'phuongtest1',764,'2018-07-19 22:10:00',14,1,'+18327795475'),(616,'phuongtest1',722,'2018-07-19 22:30:00',15,1,'+18327795475'),(617,'phuongtest1',722,'2018-07-19 22:50:00',16,1,'+18327795475'),(618,'hoanghoa',609,'2018-07-20 15:00:00',1,0,'+18327795475'),(619,'hoanghoa',660,'2018-07-20 15:30:00',2,1,'+18327795475'),(620,'hoanghoa',661,'2018-07-21 09:00:00',1,1,'+18327795475'),(621,'hoanghoa',662,'2018-07-21 09:30:00',2,1,'+18327795475'),(622,'hoanghoa',663,'2018-07-21 10:00:00',3,1,'+18327795475'),(623,'hoanghoa',664,'2018-07-21 10:30:00',4,1,'+18327795475'),(624,'hoanghoa',665,'2018-07-21 11:00:00',5,1,'+18327795475'),(625,'hoanghoa',666,'2018-07-21 11:30:00',6,1,'+18327795475'),(626,'hoanghoa',667,'2018-07-21 12:00:00',7,0,'+18327795475'),(627,'hoanghoa',668,'2018-07-21 12:30:00',8,1,'+18327795475'),(628,'hoanghoa',669,'2018-07-21 13:00:00',9,1,'+18327795475'),(629,'hoanghoa',670,'2018-07-21 13:30:00',10,0,'+18327795475'),(630,'phuongtest1',671,'2018-07-21 13:00:00',1,0,'+18327795475'),(631,'phuongtest1',672,'2018-07-21 13:20:00',2,0,'+18327795475'),(632,'phuongtest1',673,'2018-07-21 13:40:00',3,0,'+18327795475'),(633,'phuongtest1',674,'2018-07-21 14:00:00',4,0,'+18327795475'),(634,'phuongtest1',675,'2018-07-21 14:20:00',5,0,'+18327795475'),(635,'phuongtest1',676,'2018-07-21 14:40:00',6,1,'+18327795475'),(636,'phuongtest1',677,'2018-07-21 15:00:00',7,0,'+18327795475'),(637,'phuongtest1',678,'2018-07-21 15:20:00',8,0,'+18327795475'),(638,'phuongtest1',679,'2018-07-21 15:40:00',9,0,'+18327795475'),(639,'phuongtest1',680,'2018-07-21 16:00:00',10,0,'+18327795475'),(640,'phuongtest1',681,'2018-07-21 16:20:00',11,0,'+18327795475'),(641,'phuongtest1',682,'2018-07-21 16:40:00',12,0,'+18327795475'),(642,'phuongtest1',683,'2018-07-21 17:00:00',13,0,'+18327795475'),(643,'phuongtest1',684,'2018-07-21 17:20:00',14,0,'+18327795475'),(644,'phuongtest1',685,'2018-07-21 17:40:00',15,0,'+18327795475'),(645,'phuongtest1',686,'2018-07-21 18:00:00',16,0,'+18327795475'),(646,'phuongtest1',687,'2018-07-21 18:20:00',17,0,'+18327795475'),(647,'phuongtest1',688,'2018-07-21 18:40:00',18,0,'+18327795475'),(648,'phuongtest1',689,'2018-07-21 19:00:00',19,0,'+18327795475'),(649,'phuongtest1',690,'2018-07-21 19:20:00',20,0,'+18327795475'),(650,'phuongtest1',691,'2018-07-21 19:40:00',21,0,'+18327795475'),(651,'phuongtest1',692,'2018-07-21 20:00:00',22,0,'+18327795475'),(652,'phuongtest1',693,'2018-07-21 20:20:00',23,0,'+18327795475'),(653,'phuongtest1',694,'2018-07-21 20:40:00',24,0,'+84969345159'),(654,'phuongtest1',695,'2018-07-21 21:00:00',25,0,'+84969345159'),(655,'phuongtest1',696,'2018-07-21 21:20:00',26,0,'+84969345159'),(656,'phuongtest1',722,'2018-07-21 21:40:00',27,0,'+84969345159'),(657,'phuongtest1',698,'2018-07-21 22:00:00',28,0,'+84969345159'),(658,'phuongtest1',699,'2018-07-21 22:20:00',29,0,'+84969345159'),(659,'phuongtest1',700,'2018-07-22 13:00:00',1,1,'+18327795475'),(660,'phuongtest1',701,'2018-07-22 13:20:00',2,0,'+18327795475'),(661,'phuongtest1',702,'2018-07-22 13:40:00',3,1,'+18327795475'),(662,'hoanghoa',703,'2018-07-22 13:00:00',1,1,'+18327795475'),(663,'hoanghoa',704,'2018-07-22 13:30:00',2,1,'+18327795475'),(664,'hoanghoa',705,'2018-07-22 14:00:00',3,1,'+18327795475'),(665,'hoanghoa',706,'2018-07-22 16:30:00',4,1,'+18327795475'),(666,'hoanghoa',707,'2018-07-22 17:00:00',5,1,'+18327795475'),(667,'hoanghoa',708,'2018-07-22 17:30:00',6,1,'+18327795475'),(668,'phuongtest1',709,'2018-07-22 17:00:00',4,1,'+18327795475'),(669,'phuongtest1',710,'2018-07-22 17:20:00',5,1,'+18327795475'),(670,'phuongtest1',711,'2018-07-22 17:40:00',6,0,'+18327795475'),(671,'phuongtest1',712,'2018-07-22 18:00:00',7,0,'+18327795475'),(672,'phuongtest1',713,'2018-07-22 18:20:00',8,0,'+18327795475'),(673,'phuongtest1',714,'2018-07-22 18:40:00',9,0,'+18327795475'),(674,'phuongtest1',715,'2018-07-22 19:00:00',10,0,'+18327795475'),(675,'hoanghoa',609,'2018-07-22 18:00:00',7,1,'+18327795475'),(676,'hoanghoa',716,'2018-07-22 18:30:00',8,1,'+18327795475'),(677,'phuongtest1',722,'2018-07-22 19:20:00',11,1,'+84969345159'),(678,'hoanghoa',717,'2018-07-22 19:00:00',9,1,'+18327795475'),(679,'phuongtest1',718,'2018-07-22 19:40:00',12,0,'+84969345159'),(680,'hoanghoa',609,'2018-07-23 13:00:00',1,1,'+18327795475'),(681,'hoanghoa',719,'2018-07-23 13:30:00',2,1,'+184969345159'),(682,'hoanghoa',720,'2018-07-23 14:00:00',3,0,'+18327795475'),(683,'hoanghoa',721,'2018-07-23 14:30:00',4,0,'+18493210796'),(684,'phuongtest1',722,'2018-07-24 13:00:00',1,1,'+18327795475'),(685,'phuongtest1',723,'2018-07-24 13:20:00',2,1,'+18327795475'),(686,'phuongtest1',724,'2018-07-24 13:40:00',3,1,'+18327795475'),(687,'hoanghoa',660,'2018-07-24 13:30:00',1,1,'+18327795475'),(688,'hoanghoa',726,'2018-07-24 14:00:00',2,1,'+18327795475'),(689,'phuongtest1',722,'2018-07-25 14:20:00',1,1,'+18327795475'),(690,'phuongtest1',727,'2018-07-25 14:40:00',2,1,'+18327795475'),(691,'phuongtest1',728,'2018-07-25 15:00:00',3,0,'+18327795475'),(692,'phuongtest1',729,'2018-07-25 15:20:00',4,1,'+18327795475'),(693,'phuongtest1',730,'2018-07-25 15:40:00',5,0,'+18327795475'),(694,'phuongtest1',731,'2018-07-25 16:00:00',6,0,'+18327795475'),(695,'phuongtest1',732,'2018-07-25 16:20:00',7,1,'+18327795475'),(696,'phuongtest1',672,'2018-07-25 16:40:00',8,0,'+18327795475'),(697,'phuongtest1',672,'2018-07-24 16:00:00',4,1,'+18327795475'),(698,'phuongtest1',676,'2018-07-25 17:00:00',9,0,'+18327795475'),(699,'phuongtest1',679,'2018-07-24 16:20:00',5,0,'+18327795475'),(700,'phuongtest1',736,'2018-07-24 16:40:00',6,0,'+18327795475'),(701,'phuongtest1',732,'2018-07-24 17:00:00',7,1,'+18327795475'),(702,'phuongtest1',722,'2018-07-24 17:20:00',8,0,'+84969345159'),(703,'phuongtest1',738,'2018-07-24 17:40:00',9,0,'+84969345159'),(704,'phuongtest1',736,'2018-07-24 18:00:00',10,0,'+84969345159'),(705,'phuongtest1',700,'2018-07-24 18:20:00',11,1,'+18327795475'),(706,'phuongtest1',700,'2018-07-25 17:20:00',10,1,'+18327795475'),(707,'clinicdemo',742,'2018-07-24 17:30:00',1,0,'+18327795475'),(708,'hoanghoa',6,'2018-07-24 17:30:00',3,1,'+18327795475'),(709,'hoanghoa',272,'2018-07-24 18:00:00',4,1,'+18327795475'),(710,'hoanghoa',609,'2018-07-24 18:30:00',5,0,'+18327795475'),(712,'hoanghoa',746,'2018-07-24 19:00:00',6,1,'+18327795475'),(713,'phuongtest1',747,'2018-07-25 17:40:00',11,0,'+18327795475'),(714,'phuongtest1',748,'2018-07-25 18:00:00',12,0,'+18327795475'),(715,'phuongtest1',749,'2018-07-25 18:20:00',13,0,'+18327795475'),(716,'hoanghoa',6,'2018-07-25 13:00:00',1,0,'+18327795475'),(717,'hoanghoa',660,'2018-07-25 13:30:00',2,1,'+18327795475'),(718,'hoanghoa',272,'2018-07-25 14:00:00',3,0,'+18327795475'),(719,'hoanghoa',609,'2018-07-25 14:30:00',4,0,'+18327795475'),(720,'hoanghoa',746,'2018-07-25 15:00:00',5,0,'+18327795475'),(730,'phuongtest1',757,'2018-07-26 15:30:00',1,1,'+84969345678'),(731,'phuongtest1',758,'2018-07-26 15:50:00',2,1,'+84969345678'),(732,'phuongtest1',759,'2018-07-26 16:10:00',3,0,'+84969345678'),(733,'phuongtest1',760,'2018-07-26 16:30:00',4,0,'+84969345678'),(734,'phuongtest1',761,'2018-07-26 16:50:00',5,0,'+84969345678'),(735,'phuongtest1',762,'2018-07-26 17:10:00',6,1,'+84969345678'),(736,'phuongtest1',763,'2018-07-26 17:30:00',7,0,'+84969345678'),(737,'phuongtest1',764,'2018-07-26 17:50:00',8,0,'+84969345678'),(753,'hoanghoa',609,'2018-07-27 11:15:00',1,0,'+18327795475'),(754,'hoanghoa',779,'2018-07-28 11:50:00',1,1,'+18327795475'),(755,'phuongtest1',780,'2018-07-28 13:20:00',1,0,'+84969345678'),(756,'phuongtest1',757,'2018-07-28 13:40:00',2,0,'+84969345678'),(757,'phuongtest1',758,'2018-07-28 14:00:00',3,0,'+84969345987'),(758,'phuongtest1',762,'2018-07-28 14:20:00',4,1,'+84969345987'),(759,'hoanghoa',783,'2018-07-28 12:20:00',2,1,'+18327795475'),(760,'phuongtest1',757,'2018-07-28 14:40:00',5,0,'+84969345159'),(761,'phuongtest1',784,'2018-07-28 15:00:00',6,0,'+84969345159'),(762,'phuongtest1',722,'2018-07-28 15:20:00',7,0,'+84969345159'),(763,'phuongtest1',758,'2018-07-29 13:20:00',1,0,'+18327795475'),(764,'phuongtest1',787,'2018-07-29 13:40:00',2,0,'+18327795475'),(765,'hoanghoa',788,'2018-07-29 10:40:00',1,1,'+18327795475'),(775,'hoanghoa',660,'2018-07-29 11:10:00',2,1,'+18327795475'),(776,'hoanghoa',609,'2018-07-29 11:40:00',3,1,'+18327795475'),(777,'hoanghoa',796,'2018-07-29 12:10:00',4,1,'+18327795475'),(778,'hoanghoa',797,'2018-07-29 12:40:00',5,0,'+18327795475'),(779,'hoanghoa',683,'2018-07-29 13:10:00',6,0,'+18327795475'),(780,'hoanghoa',432,'2018-07-29 13:40:00',7,0,'+18327795475'),(781,'hoanghoa',799,'2018-07-29 14:10:00',8,0,'+18327795475'),(782,'hoanghoa',800,'2018-07-29 14:40:00',9,0,'+18327795475'),(783,'hoanghoa',801,'2018-07-29 15:10:00',10,0,'+18327795475'),(784,'hoanghoa',802,'2018-07-29 15:40:00',11,0,'+18327795475'),(785,'hoanghoa',803,'2018-07-29 16:10:00',12,0,'+18327795475'),(786,'hoanghoa',804,'2018-07-29 16:40:00',13,0,'+18327795475'),(787,'hoanghoa',609,'2018-07-31 10:30:00',1,0,'+18327795475'),(788,'hoanghoa',19,'2018-07-31 11:00:00',2,0,'+18327795475'),(789,'hoanghoa',30,'2018-07-31 11:30:00',3,0,'+18327795475'),(790,'hoanghoa',788,'2018-07-31 12:00:00',4,0,'+84969345159'),(791,'hoanghoa',683,'2018-07-31 12:30:00',5,0,'+84969345159'),(804,'hoanghoa',609,'2018-08-01 15:45:00',1,0,'+18327795475'),(806,'hoanghoa',704,'2018-08-01 16:45:00',3,0,'+84969345159'),(809,'phuongtest1',683,'2018-08-01 15:45:00',1,0,'+84969345159'),(810,'phuongtest1',672,'2018-08-01 16:05:00',2,0,'+84969345159'),(811,'phuongtest1',758,'2018-08-01 16:25:00',3,0,'+84969345159'),(812,'hoanghoa',272,'2018-08-01 17:15:00',4,0,'+18327795475'),(813,'hoanghoa',820,'2018-08-01 17:45:00',5,0,'+18327795475'),(814,'hoanghoa',821,'2018-08-01 18:15:00',6,0,'+18327795475'),(815,'chotdemo2',822,'2018-08-03 17:00:00',1,1,'+84938833251'),(816,'chotdemo2',823,'2018-08-03 17:30:00',2,1,'+84935378896'),(817,'chotdemo2',822,'2018-08-03 18:00:00',3,0,'+84938833251'),(818,'chotdemo2',825,'2018-08-03 18:30:00',4,0,'+84938833251'),(819,'chotdemo2',826,'2018-08-03 19:00:00',5,0,'+84938833251'),(820,'chotdemo2',827,'2018-08-03 19:30:00',6,0,'+84935378896'),(821,'chotdemo2',828,'2018-08-03 20:00:00',7,0,'+84938282487'),(822,'chotdemo2',822,'2018-08-03 20:30:00',8,0,'+84965415105'),(823,'chotdemo2',830,'2018-08-03 21:00:00',9,0,'+84908133304'),(824,'hoanghoa',821,'2018-08-03 12:00:00',1,2,'+18327795475'),(825,'hoanghoa',820,'2018-08-03 12:30:00',2,2,'+18327795475'),(826,'hoanghoa',831,'2018-08-04 10:35:00',1,0,'+18327795475'),(827,'phuongtest1',832,'2018-08-09 00:47:00',1,1,'+18327795475'),(828,'phuongtest1',833,'2018-08-09 01:48:00',2,1,'+18327795475'),(829,'phuongtest1',834,'2018-08-09 02:49:00',3,1,'+18327795475'),(830,'phuongtest1',835,'2018-08-04 14:25:00',4,1,'+18327795475'),(831,'phuongtest1',836,'2018-08-04 14:45:00',5,1,'+18327795475'),(832,'phuongtest1',837,'2018-08-04 15:05:00',6,1,'+18327795475'),(833,'phuongtest1',838,'2018-08-04 15:25:00',7,1,'+18327795475'),(834,'phuongtest1',839,'2018-08-04 15:45:00',8,0,'+18327795475'),(835,'phuongtest1',840,'2018-08-04 16:05:00',9,0,'+18327795475'),(836,'phuongtest1',694,'2018-08-05 15:40:00',1,1,'+84969345159'),(837,'phuongtest1',841,'2018-08-05 16:00:00',2,1,'+84969345159'),(838,'phuongtest1',842,'2018-08-05 16:20:00',3,1,'+84969345159'),(839,'phuongtest1',843,'2018-08-05 16:40:00',4,1,'+84969345159'),(840,'chotdemo2',844,'2018-08-09 17:00:00',1,1,'+18327795475'),(841,'chotdemo2',845,'2018-08-09 17:30:00',2,1,'+18327795475'),(842,'chotdemo2',844,'2018-08-06 18:00:00',3,0,'+18327795475'),(843,'chotdemo2',847,'2018-08-06 18:30:00',4,0,'+18327795475'),(844,'chotdemo3',850,'2018-08-06 12:59:00',1,1,'+18327795475'),(845,'chotdemo3',849,'2018-08-06 13:28:00',2,0,'+18327795475'),(846,'chotdemo3',850,'2018-08-06 13:57:00',3,0,'+18327795475'),(847,'chotdemo3',851,'2018-08-06 14:26:00',4,0,'+18327795475'),(848,'chotdemo3',852,'2018-08-06 14:55:00',5,0,'+18327795475'),(849,'phuongtest1',843,'2018-08-06 13:00:00',1,0,'+84969345159'),(850,'phuongtest1',853,'2018-08-06 13:20:00',2,0,'+84969345159'),(851,'hoanghoa',854,'2018-08-07 09:40:00',1,0,'+18327795475'),(852,'hoanghoa',855,'2018-08-10 09:50:00',1,0,'+84938833251'),(853,'hoanghoa',856,'2018-08-10 10:20:00',2,0,'+84938833251'),(854,'hoanghoa',857,'2018-08-10 10:50:00',3,0,'+84908133304'),(855,'hoanghoa',858,'2018-08-10 11:20:00',4,0,'+18327795475'),(856,'hoanghoa',859,'2018-08-10 11:50:00',5,0,'+84969345159'),(857,'hoanghoa',758,'2018-08-11 10:05:00',1,0,'+84969345159'),(858,'hoanghoa',860,'2018-08-11 10:35:00',2,0,'+84969345159'),(859,'hoanghoa',660,'2018-08-11 11:05:00',3,0,'+18327795475'),(861,'hoanghoa',861,'2018-08-11 11:35:00',4,0,'+84969345159'),(862,'phuongtest1',862,'2018-08-11 13:00:00',1,0,'+84969345159'),(864,'phuongtest1',863,'2018-08-11 13:20:00',2,0,'+84969345159'),(865,'phuongtest1',675,'2018-08-11 13:40:00',3,0,'+18327795475'),(866,'phuongtest1',864,'2018-08-11 14:00:00',4,0,'+84969345159'),(867,'phuongtest1',865,'2018-08-11 14:20:00',5,0,'+84969345159'),(870,'phuongtest1',866,'2018-08-11 14:40:00',6,0,'+84932107960'),(871,'phuongtest1',867,'2018-08-11 15:00:00',7,0,'+84969345159'),(872,'phuongtest1',868,'2018-08-13 13:00:00',1,0,'+84969345159'),(873,'hoanghoa',869,'2018-08-13 13:05:00',1,0,'+84969345159'),(874,'hoanghoa',870,'2018-08-13 13:35:00',2,0,'+84969345159'),(875,'hoanghoa',871,'2018-08-13 14:05:00',3,0,'+84969345159'),(876,'hoanghoa',872,'2018-08-13 14:35:00',4,0,'+84969345159'),(877,'hoanghoa',873,'2018-08-13 15:05:00',5,0,'+84969345159'),(878,'hoanghoa',874,'2018-08-13 15:35:00',6,0,'+84969345159'),(879,'hoanghoa',875,'2018-08-13 16:05:00',7,0,'+84969345159'),(880,'hoanghoa',876,'2018-08-13 16:35:00',8,0,'+84969345159'),(881,'phuongtest1',877,'2018-08-13 13:20:00',2,0,'+84969345159'),(882,'hoanghoa',878,'2018-08-13 17:05:00',9,0,'+18327795475'),(883,'hoanghoa',879,'2018-08-13 17:35:00',10,0,'+18327795475'),(884,'hoanghoa',880,'2018-08-13 18:05:00',11,0,'+18327795475'),(885,'hoanghoa',881,'2018-08-13 18:35:00',12,0,'+18327795475'),(886,'hoanghoa',882,'2018-08-13 19:05:00',13,0,'+18327795475'),(887,'hoanghoa',883,'2018-08-13 19:35:00',14,0,'+18327795475'),(888,'hoanghoa',884,'2018-08-14 01:40:00',1,0,'+18327795475'),(889,'hoanghoa',609,'2018-08-14 09:55:00',2,1,'+18327795475'),(890,'hoanghoa',609,'2018-08-15 10:25:00',1,1,'+18327795475'),(891,'hoanghoa',442,'2018-08-15 10:55:00',2,1,'+18327795475'),(892,'hoanghoa',885,'2018-08-15 11:25:00',3,1,'+18327795475'),(893,'hoanghoa',886,'2018-08-15 11:55:00',4,1,'+18327795475'),(894,'hoanghoa',887,'2018-08-15 14:00:00',5,0,'+18327795475'),(895,'hoanghoa',444,'2018-08-15 14:30:00',6,1,'+18327795475'),(896,'hoanghoa',888,'2018-08-15 15:00:00',7,1,'+18327795475'),(897,'hoanghoa',889,'2018-08-15 15:30:00',8,1,'+18327795475'),(898,'hoanghoa',890,'2018-08-15 16:00:00',9,0,'+18327795475'),(899,'hoanghoa',891,'2018-08-15 16:30:00',10,1,'+18327795475'),(900,'hoanghoa',878,'2018-08-15 17:00:00',11,0,'+18327795475'),(901,'hoanghoa',892,'2018-08-15 17:30:00',12,0,'+18327795475'),(902,'hoanghoa',893,'2018-08-15 18:00:00',13,0,'+18327795475'),(903,'hoanghoa',894,'2018-08-15 18:30:00',14,0,'+18327795475'),(904,'hoanghoa',895,'2018-08-15 19:00:00',15,0,'+18327795475'),(905,'hoanghoa',896,'2018-08-15 19:30:00',16,0,'+18327795475'),(906,'hoanghoa',897,'2018-08-15 20:00:00',17,0,'+18327795475'),(907,'hoanghoa',898,'2018-08-15 20:30:00',18,0,'+18327795475'),(908,'phuongtest1',899,'2018-08-15 16:15:00',1,0,'+18327795475'),(909,'phuongtest1',900,'2018-08-15 16:35:00',2,0,'+18327795475'),(910,'phuongtest1',901,'2018-08-15 16:55:00',3,0,'+18327795475'),(911,'phuongtest1',902,'2018-08-15 17:15:00',4,0,'+18327795475');
/*!40000 ALTER TABLE `tbl_appointment` ENABLE KEYS */;
UNLOCK TABLES;

--
-- Table structure for table `tbl_bill`
--

DROP TABLE IF EXISTS `tbl_bill`;
/*!40101 SET @saved_cs_client     = @@character_set_client */;
/*!40101 SET character_set_client = utf8 */;
CREATE TABLE `tbl_bill` (
  `billID` bigint(255) NOT NULL AUTO_INCREMENT,
  `clinicUsername` varchar(30) DEFAULT NULL,
  `licenseID` bigint(255) DEFAULT NULL,
  `saleDate` datetime DEFAULT NULL,
  `salePrice` int(11) DEFAULT NULL,
  PRIMARY KEY (`billID`)
) ENGINE=InnoDB AUTO_INCREMENT=120 DEFAULT CHARSET=latin1;
/*!40101 SET character_set_client = @saved_cs_client */;

--
-- Dumping data for table `tbl_bill`
--

LOCK TABLES `tbl_bill` WRITE;
/*!40000 ALTER TABLE `tbl_bill` DISABLE KEYS */;
INSERT INTO `tbl_bill` VALUES (1,'phuong ne',1,NULL,20),(2,'the phuong nguyen',1,NULL,30),(3,'phuongnt',9,'2018-06-23 10:20:32',100),(4,'phuongnt',9,'2018-06-23 10:26:59',100),(5,'phuongnt',9,'2018-06-23 10:27:42',100),(6,'hoanghoa',9,'2018-06-23 10:40:09',100),(7,'phuongnt',9,'2018-06-23 10:41:37',100),(8,'hoanghoa',10,'2018-06-23 10:47:22',400),(9,'hoanghoa',10,'2018-06-23 10:57:46',400),(10,'hoanghoa',10,'2018-06-23 15:02:36',400),(11,'hoanghoa',10,'2018-06-23 15:02:55',400),(12,'hoanghoa',11,'2018-06-23 15:03:16',1100),(13,'hoanghoa',11,'2018-06-23 16:21:53',1100),(14,'c69',11,'2018-06-23 16:24:17',1100),(15,'c69',11,'2018-06-23 16:24:47',1100),(16,'a79',11,'2018-06-23 16:55:07',1100),(17,'48d',11,'2018-06-23 17:03:50',1100),(18,'3dd',11,'2018-06-23 17:07:55',1100),(19,'f21',11,'2018-06-23 17:09:21',1100),(20,'thuan',11,'2018-06-23 17:37:39',1100),(21,'126',10,'2018-06-24 09:36:18',400),(22,'test123',10,'2018-06-24 09:38:47',400),(23,'ffd',11,'2018-06-24 13:21:36',1100),(24,'b9a',11,'2018-06-24 13:37:01',1100),(25,'171',11,'2018-06-24 13:39:32',1100),(26,'9aa',11,'2018-06-24 13:57:22',1100),(27,'e33',11,'2018-06-24 14:09:18',1100),(28,'phuongtest4',11,'2018-06-24 14:40:13',1100),(29,'772',11,'2018-06-24 14:55:26',1100),(30,'bb7',10,'2018-06-24 15:55:38',400),(31,'94a',9,'2018-06-24 15:58:40',100),(32,'cfa',10,'2018-06-24 16:01:02',400),(33,'callteam',10,'2018-06-24 17:45:06',400),(34,'clinicdemo',11,'2018-06-25 09:17:11',1100),(35,'kingofthekiller',11,'2018-06-25 11:15:11',1100),(36,'f9a',11,'2018-06-26 11:13:14',1100),(37,'461',11,'2018-06-26 11:51:25',1100),(38,'d8b',11,'2018-06-26 11:52:58',1100),(39,'555',11,'2018-06-26 12:02:10',1100),(40,'5d9',11,'2018-06-26 12:04:00',1100),(41,'phuongnt',9,'2018-06-26 12:10:56',100),(42,'phuongnt',9,'2018-06-26 12:11:43',100),(43,'phuongnt',9,'2018-06-26 12:13:09',100),(44,'phuongnt',9,'2018-06-26 12:13:45',100),(45,'phuongnt',9,'2018-06-26 12:14:56',100),(46,'b88',11,'2018-06-26 12:17:44',1100),(47,'aa9',11,'2018-06-26 12:21:27',1100),(48,'1b2',11,'2018-06-26 12:22:37',1100),(49,'805',11,'2018-06-26 12:23:56',1100),(50,'84d',11,'2018-06-26 12:25:14',1100),(51,'phuongnt',9,'2018-06-26 12:32:09',100),(52,'phuongnt',9,'2018-06-26 12:32:10',100),(53,'phuongnt',9,'2018-06-26 12:32:36',100),(54,'phuongnt',9,'2018-06-26 12:33:17',100),(55,'phuongnt',9,'2018-06-26 12:37:01',100),(56,'phuongnt',9,'2018-06-26 12:37:23',100),(57,'phuongnt',9,'2018-06-26 12:38:20',100),(58,'20f',11,'2018-06-26 13:19:22',1100),(59,'407',11,'2018-06-26 13:22:10',1100),(60,'49f',11,'2018-06-26 13:27:51',1100),(61,'6ea',9,'2018-06-26 13:28:47',100),(62,'5a0',11,'2018-06-26 13:31:09',1100),(63,'phuongtest6',11,'2018-06-26 15:11:38',1100),(64,'f7d',11,'2018-06-27 12:15:18',1100),(65,'phuongtest8',11,'2018-06-27 14:16:31',1100),(66,'hoanghoa',11,'2018-06-28 08:08:37',1100),(67,'hoanghoa',11,'2018-06-28 08:16:38',1100),(68,'5f6',10,'2018-06-28 10:26:07',400),(69,'738',11,'2018-06-28 10:47:56',1100),(70,'c6d',9,'2018-06-28 10:52:36',100),(71,'18a',10,'2018-06-28 11:00:14',400),(72,'24f',11,'2018-06-28 11:05:00',1100),(73,'13b',11,'2018-06-28 11:13:08',1100),(74,'882',11,'2018-06-28 11:37:34',1100),(75,'hoanghoa',11,'2018-06-28 11:57:39',1100),(76,'hoanghoa',11,'2018-06-28 12:23:55',1100),(77,'phuongtest1',11,'2018-06-28 17:49:05',1100),(78,'1c2',11,'2018-06-29 09:50:06',1100),(79,'phuongtest1',11,'2018-06-29 10:04:36',1100),(80,'kingofthekiller',11,'2018-06-29 10:37:28',1100),(81,'hoanghoa',11,'2018-07-03 09:49:52',1100),(82,'hoanghoa',11,'2018-07-03 09:54:22',1100),(83,'hoanghoa',9,'2018-07-03 10:16:04',2),(84,'hoanghoa',10,'2018-07-03 10:22:11',4),(85,'phuongtest1',9,'2018-07-04 08:58:05',2),(86,'hoanghoa',9,'2018-07-04 09:07:07',2),(87,'phuongtest1',9,'2018-07-04 09:08:01',2),(88,'phuongtest1',9,'2018-07-04 09:10:34',2),(89,'453',9,'2018-07-05 11:36:45',2),(90,'453',9,'2018-07-05 11:37:52',2),(91,'453',11,'2018-07-05 11:38:19',9),(92,'453',11,'2018-07-05 11:41:39',9),(93,'453',11,'2018-07-05 11:45:40',9),(94,'c74',11,'2018-07-05 11:48:26',9),(95,'hoanghoa',9,'2018-07-05 11:50:58',2),(96,'df8',11,'2018-07-05 11:52:40',9),(97,'thuanpt',11,'2018-07-07 10:01:33',9),(98,'thuanpt',9,'2018-07-07 13:14:48',2),(99,'hoanghoa',9,'2018-07-08 20:40:01',2),(100,'298',10,'2018-07-10 12:01:47',4),(101,'phuongtest1',11,'2018-07-13 09:35:18',9),(102,'79c',10,'2018-07-19 11:57:55',4),(103,'005',9,'2018-07-21 10:56:31',2),(104,'6e6',9,'2018-07-21 11:43:25',2),(105,'6cd',11,'2018-07-22 16:23:17',9),(108,'9a5',12,'2018-07-26 11:26:57',1000),(111,'d4d',11,'2018-08-01 13:26:49',9),(113,'chotdemo2',9,'2018-08-03 10:09:52',2),(116,'chotdemo3',11,'2018-08-06 10:28:05',500),(117,'chotdemo3',10,'2018-08-06 12:12:12',300),(118,'e96',10,'2018-08-08 11:18:40',300),(119,'chotdemo4',10,'2018-08-08 12:18:13',300);
/*!40000 ALTER TABLE `tbl_bill` ENABLE KEYS */;
UNLOCK TABLES;

--
-- Table structure for table `tbl_block`
--

DROP TABLE IF EXISTS `tbl_block`;
/*!40101 SET @saved_cs_client     = @@character_set_client */;
/*!40101 SET character_set_client = utf8 */;
CREATE TABLE `tbl_block` (
  `blockID` bigint(255) NOT NULL AUTO_INCREMENT,
  `clinicUsername` varchar(20) DEFAULT NULL,
  `phoneNumber` varchar(15) DEFAULT '',
  `isBlock` tinyint(1) DEFAULT NULL,
  PRIMARY KEY (`blockID`)
) ENGINE=InnoDB AUTO_INCREMENT=32 DEFAULT CHARSET=latin1;
/*!40101 SET character_set_client = @saved_cs_client */;

--
-- Dumping data for table `tbl_block`
--

LOCK TABLES `tbl_block` WRITE;
/*!40000 ALTER TABLE `tbl_block` DISABLE KEYS */;
INSERT INTO `tbl_block` VALUES (1,'hoanghoa','+18327795475',0),(2,'hoanghoa','+18326735555',1),(3,'hoanghoa','+18326435678',0),(4,'hoanghoa','+18326435984',1),(5,'hoanghoa','+18328949640',0),(6,'hoanghoa','+18327643045',1),(7,'hoanghoa','+18325435434',0),(8,'hoanghoa','+18325394579',0),(9,'hoanghoa','+18375674567',0),(10,'hoanghoa','+18335465473',0),(11,'phuongtest1','+18327795475',0),(12,'kingofthekiller','+18327795475',1),(13,'phuongtest1','+18326435678',1),(14,'chotdemo2','+84938833251',1),(15,'chotdemo2','+18327795475',0),(16,'chotdemo3','+18327795475',0),(17,'phuongtest1','+84969345159',0),(18,'phuongtest1','+18326735555',1),(19,'phuongtest1','+18326435984',1),(20,'phuongtest1','+84969345678',1),(21,'phuongtest1','+84969345987',1),(22,'hoanghoa','+1841655594954',0),(23,'hoanghoa','+18493210796',0),(24,'hoanghoa','+184969345159',0),(25,'hoanghoa','+841655594954',0),(26,'hoanghoa','+84902895671',0),(27,'hoanghoa','+84903937507',0),(28,'hoanghoa','+84932107960',0),(29,'hoanghoa','+84969248184',0),(30,'hoanghoa','+84969345159',0),(31,'hoanghoa','+84969345231',0);
/*!40000 ALTER TABLE `tbl_block` ENABLE KEYS */;
UNLOCK TABLES;

--
-- Table structure for table `tbl_clinic`
--

DROP TABLE IF EXISTS `tbl_clinic`;
/*!40101 SET @saved_cs_client     = @@character_set_client */;
/*!40101 SET character_set_client = utf8 */;
CREATE TABLE `tbl_clinic` (
  `username` varchar(20) NOT NULL,
  `address` varchar(255) CHARACTER SET utf8 DEFAULT NULL,
  `clinicName` varchar(50) CHARACTER SET utf8 DEFAULT '',
  `expiredLicense` datetime(6) DEFAULT NULL,
  `examinationDuration` time DEFAULT NULL,
  `imageURL` varchar(255) DEFAULT NULL,
  `greetingURL` varchar(255) DEFAULT NULL,
  `delayDuration` time DEFAULT NULL,
  PRIMARY KEY (`username`)
) ENGINE=InnoDB DEFAULT CHARSET=latin1;
/*!40101 SET character_set_client = @saved_cs_client */;

--
-- Dumping data for table `tbl_clinic`
--

LOCK TABLES `tbl_clinic` WRITE;
/*!40000 ALTER TABLE `tbl_clinic` DISABLE KEYS */;
INSERT INTO `tbl_clinic` VALUES ('6db','Yên Hòa, Yên Hoà, Cầu Giấy, Hà Nội, Việt Nam','Đa khoa Yên Hòa',NULL,NULL,NULL,NULL,NULL),('chotdemo2','41 Âu Cơ, Phường 14, Quận 11, Hồ Chí Minh, Việt Nam','Phạm Minh Tùng','2018-08-11 00:00:00.000000','00:30:00',NULL,'https://firebasestorage.googleapis.com/v0/b/callcenter2-79faf.appspot.com/o/audio%2Fchotdemo2_audio.mp3?alt=media&token=b8696989-133a-4abf-ba41-5eb9b94bf74f','01:30:00'),('chotdemo3','Yên Hòa, Yên Hoà, Cầu Giấy, Hà Nội, Việt Nam','Đa khoa Yên Hòa','2018-09-06 00:00:00.000000','00:29:00',NULL,'https://firebasestorage.googleapis.com/v0/b/callcenter2-79faf.appspot.com/o/audio%2Fchotdemo3_audio.mp3?alt=media&token=43270df4-507f-4f21-bf76-b5b1ec188d01','01:29:00'),('chotdemo4','879 Đê La Thành, Láng Thượng, Đống Đa, Đống Đa Hà Nội, Việt Nam','Nhi Việt','2018-09-08 00:00:00.000000','00:30:00',NULL,'https://firebasestorage.googleapis.com/v0/b/callcenter2-79faf.appspot.com/o/audio%2Fchotdemo4_audio.mp3?alt=media&token=e040b42e-cfdd-4b6c-995c-575d5b0a6c74','01:30:00'),('clinicdemo','unknown','Clinic Demo','2018-09-24 00:00:00.000000','00:30:00','https://firebasestorage.googleapis.com/v0/b/callcenter2-79faf.appspot.com/o/logo%2Fclinicdemo_logo.jpg?alt=media&token=45e05424-bf5a-4fc7-ba41-91ee5e4c2f19','https://firebasestorage.googleapis.com/v0/b/callcenter2-79faf.appspot.com/o/audio%2Fclinicdemo_audio.mp3?alt=media&token=9a2ae4c6-0ee6-4a86-9e3b-e8f1dce27ebc',NULL),('duync','Tran Duy Hungg','Duy Clinicc','2018-12-22 00:00:00.000000','00:00:30',NULL,NULL,NULL),('duync5','qweqweqweqwe','Bác Ái 44',NULL,'12:00:00',NULL,NULL,NULL),('duyncse61032','trần hưng đạo, tân phú','duy doctor','2018-09-06 00:00:00.000000',NULL,NULL,NULL,NULL),('ebc','Yên Hòa, Yên Hoà, Cầu Giấy, Hà Nội, Việt Nam','Phòng khám',NULL,NULL,NULL,NULL,NULL),('hoahong','Garden Rose','Hoa Hồng',NULL,NULL,NULL,NULL,NULL),('hoanghoa','87 Trần Hưng Đạo, Tân Phú, HCM','Hoàng Hoa','2019-03-15 00:00:00.000000','00:30:00','https://firebasestorage.googleapis.com/v0/b/callcenter2-79faf.appspot.com/o/logo%2Fhoanghoa_logo.jpg?alt=media&token=34123be3-5e7b-48c7-a318-adb405274624','http://27.74.245.84:8080/Files/Default/hoanghoagreeting.mp3','01:30:00'),('kietkiet','14a Trần Hưng Đạo, Quận Tân Phú, HCM','Kiệt Kiệt DB',NULL,NULL,NULL,NULL,NULL),('kietnlt','Hồ Chí Minh','Phòng Khám Tuấn Kiệt',NULL,NULL,NULL,NULL,NULL),('kiett','123 ê','phong kham',NULL,NULL,NULL,NULL,NULL),('kingofthekiller','123 To Ky','Killer','2019-09-28 00:00:00.000000','00:30:00',NULL,'https://firebasestorage.googleapis.com/v0/b/callcenter2-79faf.appspot.com/o/audio%2Fkingofthekiller_audio.mp3?alt=media&token=43574a74-f7a2-4a33-ac50-a9d40785820c',NULL),('payaccount','bank','Money',NULL,NULL,NULL,NULL,NULL),('pays','bank','bill',NULL,NULL,NULL,NULL,NULL),('phuongtest1','12 To Ky','Thế Phương','2018-08-13 00:00:00.000000','00:20:00',NULL,'https://firebasestorage.googleapis.com/v0/b/callcenter2-79faf.appspot.com/o/audio%2Fphuongtest1_audio.mp3?alt=media&token=9f5bdb92-9805-4088-b839-3359e78c8660','01:00:00'),('test123','unknown','Bac Si Thuan','2018-07-25 00:00:00.000000',NULL,NULL,NULL,NULL),('test2','123 djdf','hoa',NULL,NULL,NULL,NULL,NULL),('testEmail','test Email','Test Email',NULL,NULL,NULL,NULL,NULL),('testRegister','Testtttt','Test ',NULL,NULL,NULL,NULL,NULL),('testRegister1','Testtttt','Test ',NULL,'18:30:00',NULL,NULL,NULL),('thanhthuan','ahihihi','thuan phan',NULL,NULL,NULL,NULL,NULL),('thephuong12','Quang Trung','The Phuong 12',NULL,NULL,NULL,NULL,NULL),('thuan','clinic address 4df','clinic name e9b','2018-09-22 00:00:00.000000',NULL,NULL,NULL,NULL),('thuanpt','trần hưng đạo','Thuận PD','2018-07-15 00:00:00.000000','00:30:00',NULL,'https://firebasestorage.googleapis.com/v0/b/callcenter2-79faf.appspot.com/o/audio%2Fthuanpt_audio.mp3?alt=media&token=7bc172f5-48b6-494a-aa69-1de3e3201a33',NULL),('thuantrontask','55/27 Lê Thị Hồng Gấm, Phường Nguyễn Thái Bìn, Quận 1, Hồ Chí Minh, Việt Nam','Ngọc Lan',NULL,NULL,NULL,NULL,NULL),('tttnoinhi','145 Đường Trần Não, P. Bình An, Quận 2, Hồ Chí Minh, Việt Nam','Phong Kham Noi Nhi - PGS.TS.BS Pham Thi Minh Hong',NULL,NULL,NULL,NULL,NULL);
/*!40000 ALTER TABLE `tbl_clinic` ENABLE KEYS */;
UNLOCK TABLES;

--
-- Table structure for table `tbl_clinical_symptom`
--

DROP TABLE IF EXISTS `tbl_clinical_symptom`;
/*!40101 SET @saved_cs_client     = @@character_set_client */;
/*!40101 SET character_set_client = utf8 */;
CREATE TABLE `tbl_clinical_symptom` (
  `symptomID` bigint(11) NOT NULL AUTO_INCREMENT,
  `symptom` varchar(255) CHARACTER SET utf8 NOT NULL,
  PRIMARY KEY (`symptomID`,`symptom`)
) ENGINE=InnoDB AUTO_INCREMENT=25 DEFAULT CHARSET=latin1;
/*!40101 SET character_set_client = @saved_cs_client */;

--
-- Dumping data for table `tbl_clinical_symptom`
--

LOCK TABLES `tbl_clinical_symptom` WRITE;
/*!40000 ALTER TABLE `tbl_clinical_symptom` DISABLE KEYS */;
INSERT INTO `tbl_clinical_symptom` VALUES (1,'Đau đầu'),(2,'Đau răng'),(3,'Đau bụng'),(4,'đau chướng bụng'),(5,'Đau bụng, thượng vị sau khi ăn'),(6,'đầy bụng, ăn không tiêu'),(7,'Cơn đau quặn bụng'),(8,'vàng da'),(9,'sốt cao'),(10,'Ho khan'),(11,'đau ngực, khó thở'),(12,'test'),(13,'hj'),(14,'sadsad'),(15,'asd'),(16,'asdqwe'),(17,'asdasd'),(18,'etas'),(19,'A'),(20,'abc'),(21,'đau đầu '),(22,'chóng mặt'),(23,'ù tai'),(24,'đau bụng thượng vị sau khi ăn');
/*!40000 ALTER TABLE `tbl_clinical_symptom` ENABLE KEYS */;
UNLOCK TABLES;

--
-- Table structure for table `tbl_disease`
--

DROP TABLE IF EXISTS `tbl_disease`;
/*!40101 SET @saved_cs_client     = @@character_set_client */;
/*!40101 SET character_set_client = utf8 */;
CREATE TABLE `tbl_disease` (
  `diseaseID` bigint(1) NOT NULL AUTO_INCREMENT,
  `diseaseName` varchar(255) CHARACTER SET utf8 DEFAULT NULL,
  `isActive` tinyint(1) DEFAULT NULL,
  PRIMARY KEY (`diseaseID`)
) ENGINE=InnoDB AUTO_INCREMENT=27 DEFAULT CHARSET=latin1;
/*!40101 SET character_set_client = @saved_cs_client */;

--
-- Dumping data for table `tbl_disease`
--

LOCK TABLES `tbl_disease` WRITE;
/*!40000 ALTER TABLE `tbl_disease` DISABLE KEYS */;
INSERT INTO `tbl_disease` VALUES (1,'Sỏi túi mật',1),(2,'Miễn dịch học',1),(3,'Ung thư gan',1),(4,'Viêm ruột',1),(5,'Lão Huyết học',1),(6,'Bệnh lây nhiễm',1),(7,'Ung thư dạ dày',1),(8,'Nội ung bướu',1),(9,'Ung loét tiêu hóa',1),(10,'Phong thấp',1),(11,'Tắc ruột',1),(12,'Ung thư đại tràng',1),(13,'Chứng tràn khí màng phổi',1),(14,'Ung thư phổi',1),(15,'Ho mãn tính, khạc ra máu, khó thở',1),(16,'Chảy mồ hôi tay',1),(17,'Phình động mạch chủ',1),(18,'Hẹp động mạch cảnh',1),(19,'Dãn tĩnh mạch',1),(20,'Hẹp động mạch chân',1),(21,'Các van ở chi – giãn tĩnh mạch',1),(22,'Rò van động mạch',1),(23,'Đau bao tử',1),(24,'Virut H.Poly',1),(25,'Đau dạ dày',1),(26,'Viêm Họng Nhẹ',1);
/*!40000 ALTER TABLE `tbl_disease` ENABLE KEYS */;
UNLOCK TABLES;

--
-- Table structure for table `tbl_license`
--

DROP TABLE IF EXISTS `tbl_license`;
/*!40101 SET @saved_cs_client     = @@character_set_client */;
/*!40101 SET character_set_client = utf8 */;
CREATE TABLE `tbl_license` (
  `licenseID` bigint(255) NOT NULL AUTO_INCREMENT,
  `price` int(11) DEFAULT NULL,
  `duration` int(11) DEFAULT NULL,
  `name` varchar(255) CHARACTER SET utf8 DEFAULT NULL,
  `description` varchar(255) CHARACTER SET utf8 DEFAULT NULL,
  `isActive` tinyint(1) DEFAULT NULL,
  PRIMARY KEY (`licenseID`)
) ENGINE=InnoDB AUTO_INCREMENT=14 DEFAULT CHARSET=latin1;
/*!40101 SET character_set_client = @saved_cs_client */;

--
-- Dumping data for table `tbl_license`
--

LOCK TABLES `tbl_license` WRITE;
/*!40000 ALTER TABLE `tbl_license` DISABLE KEYS */;
INSERT INTO `tbl_license` VALUES (9,100,7,'Dùng Thử','Đặt hẹn trong vòng 7 ngày',1),(10,300,30,'Cơ Bản','Dành cho phòng khám nhỏ',1),(11,800,30,'Nâng Cao','Thích hợp cho phòng khám lớn',1);
/*!40000 ALTER TABLE `tbl_license` ENABLE KEYS */;
UNLOCK TABLES;

--
-- Table structure for table `tbl_medical_diseases`
--

DROP TABLE IF EXISTS `tbl_medical_diseases`;
/*!40101 SET @saved_cs_client     = @@character_set_client */;
/*!40101 SET character_set_client = utf8 */;
CREATE TABLE `tbl_medical_diseases` (
  `diseaseID` bigint(1) NOT NULL,
  `appointmentID` bigint(1) NOT NULL,
  PRIMARY KEY (`diseaseID`,`appointmentID`)
) ENGINE=InnoDB DEFAULT CHARSET=latin1;
/*!40101 SET character_set_client = @saved_cs_client */;

--
-- Dumping data for table `tbl_medical_diseases`
--

LOCK TABLES `tbl_medical_diseases` WRITE;
/*!40000 ALTER TABLE `tbl_medical_diseases` DISABLE KEYS */;
INSERT INTO `tbl_medical_diseases` VALUES (1,195),(1,520),(1,555),(1,576),(1,600),(1,602),(1,623),(1,624),(1,635),(1,659),(1,661),(1,675),(1,676),(1,677),(1,678),(1,680),(1,681),(1,684),(1,685),(1,686),(1,687),(1,688),(1,689),(1,690),(1,692),(1,695),(1,697),(1,701),(1,705),(1,708),(1,709),(1,712),(1,717),(1,730),(1,731),(1,735),(1,738),(1,739),(1,740),(1,741),(1,743),(1,746),(1,752),(1,754),(1,759),(1,765),(1,773),(1,775),(1,776),(1,777),(1,815),(1,816),(1,832),(1,833),(1,837),(1,839),(1,840),(1,844),(1,899),(2,272),(2,528),(2,532),(2,533),(2,534),(2,540),(2,541),(2,555),(2,559),(2,561),(2,567),(2,576),(2,604),(2,605),(2,609),(2,610),(2,619),(2,620),(2,623),(2,624),(2,635),(2,659),(2,661),(2,664),(2,666),(2,667),(2,668),(2,669),(2,676),(2,677),(2,678),(2,680),(2,681),(2,684),(2,685),(2,686),(2,687),(2,688),(2,689),(2,690),(2,692),(2,695),(2,697),(2,701),(2,705),(2,706),(2,730),(2,731),(2,735),(2,740),(2,741),(2,746),(2,752),(2,759),(2,775),(2,815),(2,832),(2,833),(2,837),(2,839),(2,840),(2,844),(2,889),(3,527),(3,531),(3,533),(3,540),(3,561),(3,564),(3,565),(3,566),(3,567),(3,613),(3,615),(3,617),(3,621),(3,622),(3,624),(3,627),(3,678),(3,681),(3,687),(3,690),(3,741),(3,758),(3,839),(3,840),(3,844),(4,530),(4,532),(4,553),(4,559),(4,576),(4,603),(4,612),(4,614),(4,616),(4,623),(4,624),(4,667),(4,676),(4,743),(4,773),(5,529),(5,559),(5,566),(5,669),(5,709),(6,533),(6,605),(6,611),(6,712),(6,735),(6,747),(7,706),(7,708),(7,836),(11,521),(13,601),(16,547),(16,708),(20,522),(24,608),(24,829),(24,830),(25,539),(25,590),(25,599),(25,776),(25,777),(25,831);
/*!40000 ALTER TABLE `tbl_medical_diseases` ENABLE KEYS */;
UNLOCK TABLES;

--
-- Table structure for table `tbl_medical_medicines`
--

DROP TABLE IF EXISTS `tbl_medical_medicines`;
/*!40101 SET @saved_cs_client     = @@character_set_client */;
/*!40101 SET character_set_client = utf8 */;
CREATE TABLE `tbl_medical_medicines` (
  `appointmentID` bigint(1) NOT NULL,
  `medicineID` bigint(1) NOT NULL,
  `quantity` int(11) DEFAULT NULL,
  `description` varchar(1000) CHARACTER SET utf8 DEFAULT NULL,
  PRIMARY KEY (`appointmentID`,`medicineID`),
  KEY `FK_medicine_idx` (`medicineID`)
) ENGINE=InnoDB DEFAULT CHARSET=latin1;
/*!40101 SET character_set_client = @saved_cs_client */;

--
-- Dumping data for table `tbl_medical_medicines`
--

LOCK TABLES `tbl_medical_medicines` WRITE;
/*!40000 ALTER TABLE `tbl_medical_medicines` DISABLE KEYS */;
INSERT INTO `tbl_medical_medicines` VALUES (195,0,9,'Ngày uống 2 lần, mỗi lần 1 viên,  trước ăn 30 phút sáng, chiều'),(195,1,9,'Ngày uống 1 lần, mỗi lần 5 viên,  trước ăn 20 phút sáng'),(195,2,1,'Ngày uống 3 lần, mỗi lần 3 viên,  trước ăn 30 phút sáng, chiều,tối'),(272,4,2,'Ngày uống 3 lần, mỗi lần 1 viên,  trước ăn 30 phút sáng, chiều, tối'),(272,8,5,'Ngày uống 2 lần, mỗi lần 1 viên,  trước ăn 30 phút sáng, chiều'),(272,10,1,'Ngày uống 1 lần, mỗi lần 3 viên,  trước ăn 30 phút sáng'),(520,1,30,'Ngày uống 3 lần sau khi ăn'),(520,2,20,'Ngày uống 2 lần sau ăn sáng và tối'),(520,4,10,'Ngày uống 1 lần sau ăn trưa'),(521,1,10,'Ngày uống 2 lần , mỗi lần 1 viên, trước ăn 30 phút sáng, chiều'),(521,8,8,'Ngày uống 4 lần , mỗi lần 1 viên, trước ăn 20 phút sáng, chiều'),(522,6,10,'Ngày uống 2 lần , mỗi lần 1 viên, trước ăn 30 phút sáng, chiều'),(522,10,10,'Ngày uống 1 lần , mỗi lần 3 viên, trước ăn 30 phút sáng, chiều'),(527,2,9,'Ngày uống 2 lần, mỗi lần 1 viên,  trước ăn 30 phút sáng, chiều'),(527,4,8,'Ngày uống 2 lần, mỗi lần 1 viên,  trước ăn 30 phút sáng, chiều'),(527,10,8,'Ngày uống 2 lần, mỗi lần 1 viên,  trước ăn 30 phút sáng, chiều'),(528,2,1,'Ngày uống 2 lần, mỗi lần 1 viên,  trước ăn 30 phút sáng, chiều'),(529,4,7,'Ngày uống 3 lần , mỗi lần 3 viên, trước ăn 30 phút sáng, chiều'),(529,7,9,'Ngày uống 2 lần , mỗi lần 1 viên, trước ăn 30 phút sáng, chiều'),(529,10,10,'Ngày uống 1 lần , mỗi lần 5 viên, trước ăn 30 phút sáng, chiều'),(530,4,2,'ăn trước khi uống thuốc 30 phút'),(531,4,1,'Ngày uống 1 lần , mỗi lần 5 viên, trước ăn 30 phút sáng, chiều'),(532,4,1,'Ngày uống 1 lần , mỗi lần 5 viên, trước ăn 30 phút sáng, chiều'),(533,5,1,'Ngày uống 1 lần , mỗi lần 5 viên, trước ăn 30 phút sáng, chiều'),(534,4,1,'Ngày uống 1 lần , mỗi lần 5 viên, trước ăn 30 phút sáng, chiều'),(539,2,30,'Ngày uống 2 lần, mỗi lần 1 viên sau ăn sáng và tối'),(539,10,15,'Ngày uống 1 lần, mỗi lần 1 viên sau ăn trưa'),(540,1,4,'asd'),(541,4,4,'test'),(547,5,15,'Ngày uống 1 lần, mỗi lần 1 viên sau ăn tối'),(547,7,1,'Bôi vào tay trước khi ngủ'),(547,10,30,'Ngày uống 2 lần, mỗi lần 1 viên, sau ăn sáng và tối'),(553,4,1,''),(553,5,1,''),(553,8,1,''),(555,1,30,'Ngày uống 3 lần sau khi ăn'),(555,2,20,'Ngày uống 2 lần sau ăn sáng và tối'),(555,4,10,'Ngày uống 1 lần sau ăn trưa'),(555,6,30,'Ngày uống 3 lần sau khi ăn'),(559,6,8,'Nhớ ăn trưa '),(561,2,5,'ahihi'),(564,4,4,'abc'),(565,4,6,'uônasdjkansdk'),(566,0,7,'không uống khi đã thấy khỏe'),(566,5,5,'uống thêm 2 cử 1 ngày nếu bị nặng'),(567,2,1,'test'),(576,5,1,'test'),(590,0,30,'Ngày uống 2 lần, mỗi lần 1 viên sau ăn sáng và tối'),(590,4,10,'Ngày uống 3 lần, mỗi lần 1 viên sau khi ăn'),(590,7,2,'Thoa vào chỗ đau'),(599,1,15,'Ngày uống 1 lần, mỗi lần 1 ống sau ăn tối'),(599,6,30,'Ngày uống 2 lần, mỗi lần 1 viên sau ăn sáng và tối'),(599,10,15,'Ngày uống 1 lần, mỗi lần 1 viên sau ăn trưa'),(600,2,30,'Ngày uống 2 lần, mỗi lần 1 viên sau ăn sáng và tối'),(600,5,30,'Ngày uống 2 lần, mỗi lần 1 viên sau ăn sáng và tối'),(600,11,15,'Ngày uống 1 lần, mỗi lần 1 viên sau ăn trưa'),(601,0,30,'Ngày uống 2 lần, mỗi lần 1 viên sau ăn sáng và tối'),(601,5,30,'Ngày uống 2 lần, mỗi lần 1 viên sau ăn sáng và tối'),(601,7,2,'Thoa vào chỗ đau'),(602,9,2,'Thoa vào chỗ đau'),(603,2,30,'Ngày uống 2 lần, mỗi lần 1 viên sau ăn sáng và tối'),(603,9,2,'Thoa vào chỗ đau'),(603,10,15,'Ngày uống 1 lần, mỗi lần 1 viên sau ăn trưa'),(604,4,10,'Ngày uống 3 lần, mỗi lần 1 viên sau khi ăn'),(605,7,2,'Thoa vào chỗ đau'),(608,2,30,'Ngày uống 2 lần, mỗi lần 1 viên sau ăn sáng và tối'),(608,9,2,'Thoa vào chỗ đau'),(608,10,15,'Ngày uống 1 lần, mỗi lần 1 viên sau ăn trưa'),(609,8,1,'Thoa vào chỗ đau'),(610,7,2,'Thoa vào chỗ đau'),(611,10,15,'Ngày uống 1 lần, mỗi lần 1 viên sau ăn trưa'),(612,7,2,'Thoa vào chỗ đau'),(613,5,30,'Ngày uống 2 lần, mỗi lần 1 viên sau ăn sáng và tối'),(614,7,2,'Thoa vào chỗ đau'),(615,9,2,'Thoa vào chỗ đau'),(616,8,1,'Thoa vào chỗ đau'),(617,1,15,'Ngày uống 1 lần, mỗi lần 1 ống sau ăn tối'),(617,6,30,'Ngày uống 2 lần, mỗi lần 1 viên sau ăn sáng và tối'),(617,8,1,'Thoa vào chỗ đau'),(619,2,30,'Ngày uống 2 lần, mỗi lần 1 viên sau ăn sáng và tối'),(620,1,15,'Ngày uống 1 lần, mỗi lần 1 ống sau ăn tối'),(621,1,15,'Ngày uống 1 lần, mỗi lần 1 ống sau ăn tối'),(622,4,10,'Ngày uống 3 lần, mỗi lần 1 viên sau khi ăn'),(623,1,30,'Ngày uống 3 lần sau khi ăn'),(623,2,20,'Ngày uống 2 lần sau ăn sáng và tối'),(623,4,10,'Ngày uống 1 lần sau ăn trưa'),(623,6,30,'Ngày uống 3 lần sau khi ăn'),(623,9,2,'Thoa vào chỗ đau'),(624,1,30,'Ngày uống 3 lần sau khi ăn'),(624,2,20,'Ngày uống 2 lần sau ăn sáng và tối'),(624,4,10,'Ngày uống 1 lần sau ăn trưa'),(624,6,30,'Ngày uống 3 lần sau khi ăn'),(624,7,30,'Ngày uống 3 lần sau khi ăn'),(624,8,20,'Ngày uống 2 lần sau ăn sáng và tối'),(635,1,30,'Ngày uống 3 lần sau khi ăn'),(635,2,20,'Ngày uống 2 lần sau ăn sáng và tối'),(635,6,10,'Ngày uống 1 lần sau ăn trưa'),(659,1,30,'Ngày uống 3 lần sau khi ăn'),(659,2,20,'Ngày uống 2 lần sau ăn sáng và tối'),(659,6,10,'Ngày uống 1 lần sau ăn trưa'),(661,1,30,'Ngày uống 3 lần sau khi ăn'),(661,2,20,'Ngày uống 2 lần sau ăn sáng và tối'),(661,6,10,'Ngày uống 1 lần sau ăn trưa'),(662,4,0,'aaa'),(663,4,NULL,'Ngày uống 3 lần, mỗi lần 1 viên sau khi ăn'),(664,4,30,'Ngày uống 3 lần sau khi ăn'),(666,4,30,'Ngày uống 3 lần sau khi ăn'),(667,4,30,'Ngày uống 3 lần sau khi ăn'),(668,2,20,'Ngày uống 2 lần sau ăn sáng và tối'),(668,5,30,'Ngày uống 2 lần, mỗi lần 1 viên sau ăn sáng và tối'),(668,6,10,'Ngày uống 1 lần sau ăn trưa'),(668,7,2,'Thoa vào chỗ đau'),(669,2,20,'Ngày uống 2 lần sau ăn sáng và tối'),(669,4,10,'Ngày uống 3 lần, mỗi lần 1 viên sau khi ăn'),(669,6,10,'Ngày uống 1 lần sau ăn trưa'),(675,1,30,'Ngày uống 3 lần sau khi ăn'),(675,2,20,'Ngày uống 2 lần sau ăn sáng và tối'),(675,4,10,'Ngày uống 1 lần sau ăn trưa'),(676,1,30,'Ngày uống 3 lần sau khi ăn'),(676,2,20,'Ngày uống 2 lần sau ăn sáng và tối'),(676,4,10,'Ngày uống 1 lần sau ăn trưa'),(676,6,30,'Ngày uống 3 lần sau khi ăn'),(677,1,30,'Ngày uống 3 lần sau khi ăn'),(677,2,20,'Ngày uống 2 lần sau ăn sáng và tối'),(677,6,10,'Ngày uống 1 lần sau ăn trưa'),(678,1,30,'Ngày uống 3 lần sau khi ăn'),(678,2,20,'Ngày uống 2 lần sau ăn sáng và tối'),(678,4,10,'Ngày uống 1 lần sau ăn trưa'),(678,6,30,'Ngày uống 3 lần sau khi ăn'),(678,7,30,'Ngày uống 3 lần sau khi ăn'),(678,8,20,'Ngày uống 2 lần sau ăn sáng và tối'),(680,1,30,'Ngày uống 3 lần sau khi ăn'),(680,2,20,'Ngày uống 2 lần sau ăn sáng và tối'),(680,4,10,'Ngày uống 1 lần sau ăn trưa'),(680,6,30,'Ngày uống 3 lần sau khi ăn'),(681,1,30,'Ngày uống 3 lần sau khi ăn'),(681,2,20,'Ngày uống 2 lần sau ăn sáng và tối'),(681,4,10,'Ngày uống 1 lần sau ăn trưa'),(681,6,30,'Ngày uống 3 lần sau khi ăn'),(681,7,30,'Ngày uống 3 lần sau khi ăn'),(681,8,20,'Ngày uống 2 lần sau ăn sáng và tối'),(684,1,30,'Ngày uống 3 lần sau khi ăn'),(684,2,20,'Ngày uống 2 lần sau ăn sáng và tối'),(684,6,10,'Ngày uống 1 lần sau ăn trưa'),(684,7,2,'Thoa vào chỗ đau'),(685,1,30,'Ngày uống 3 lần sau khi ăn'),(685,2,20,'Ngày uống 2 lần sau ăn sáng và tối'),(685,6,10,'Ngày uống 1 lần sau ăn trưa'),(686,1,30,'Ngày uống 3 lần sau khi ăn'),(686,2,20,'Ngày uống 2 lần sau ăn sáng và tối'),(686,6,10,'Ngày uống 1 lần sau ăn trưa'),(687,1,30,'Ngày uống 3 lần sau khi ăn'),(687,2,20,'Ngày uống 2 lần sau ăn sáng và tối'),(687,4,10,'Ngày uống 1 lần sau ăn trưa'),(687,6,30,'Ngày uống 3 lần sau khi ăn'),(687,7,30,'Ngày uống 3 lần sau khi ăn'),(687,8,20,'Ngày uống 2 lần sau ăn sáng và tối'),(688,1,30,'Ngày uống 3 lần sau khi ăn'),(688,2,20,'Ngày uống 2 lần sau ăn sáng và tối'),(688,4,10,'Ngày uống 1 lần sau ăn trưa'),(688,6,30,'Ngày uống 3 lần sau khi ăn'),(689,1,30,'Ngày uống 3 lần sau khi ăn'),(689,2,20,'Ngày uống 2 lần sau ăn sáng và tối'),(689,6,10,'Ngày uống 1 lần sau ăn trưa'),(690,1,30,'Ngày uống 3 lần sau khi ăn'),(690,2,20,'Ngày uống 2 lần sau ăn sáng và tối'),(690,6,10,'Ngày uống 1 lần sau ăn trưa'),(692,1,30,'Ngày uống 3 lần sau khi ăn'),(692,2,20,'Ngày uống 2 lần sau ăn sáng và tối'),(692,6,10,'Ngày uống 1 lần sau ăn trưa'),(695,1,30,'Ngày uống 3 lần sau khi ăn'),(695,2,20,'Ngày uống 2 lần sau ăn sáng và tối'),(695,6,10,'Ngày uống 1 lần sau ăn trưa'),(697,1,30,'Ngày uống 3 lần sau khi ăn'),(697,2,20,'Ngày uống 2 lần sau ăn sáng và tối'),(697,6,10,'Ngày uống 1 lần sau ăn trưa'),(701,1,30,'Ngày uống 3 lần sau khi ăn'),(701,2,20,'Ngày uống 2 lần sau ăn sáng và tối'),(701,6,10,'Ngày uống 1 lần sau ăn trưa'),(705,1,30,'Ngày uống 3 lần sau khi ăn'),(705,2,20,'Ngày uống 2 lần sau ăn sáng và tối'),(705,6,10,'Ngày uống 1 lần sau ăn trưa'),(706,2,20,'Ngày uống 2 lần sau ăn sáng và tối'),(706,6,10,'Ngày uống 1 lần sau ăn trưa'),(706,10,15,'Ngày uống 1 lần, mỗi lần 1 viên sau ăn trưa'),(708,1,30,'Ngày uống 3 lần sau khi ăn'),(708,2,20,'Ngày uống 2 lần sau ăn sáng và tối'),(708,4,10,'Ngày uống 1 lần sau ăn trưa'),(708,10,15,'Ngày uống 1 lần, mỗi lần 1 viên sau ăn trưa'),(709,1,30,'Ngày uống 3 lần sau khi ăn'),(709,2,20,'Ngày uống 2 lần sau ăn sáng và tối'),(709,4,10,'Ngày uống 1 lần sau ăn trưa'),(709,10,15,'Ngày uống 1 lần, mỗi lần 1 viên sau ăn trưa'),(712,1,30,'Ngày uống 3 lần sau khi ăn'),(712,2,20,'Ngày uống 2 lần sau ăn sáng và tối'),(712,4,10,'Ngày uống 1 lần sau ăn trưa'),(712,9,2,'Thoa vào chỗ đau'),(717,1,30,'Ngày uống 3 lần sau khi ăn'),(717,2,20,'Ngày uống 2 lần sau ăn sáng và tối'),(717,4,10,'Ngày uống 1 lần sau ăn trưa'),(730,1,30,'Ngày uống 3 lần sau khi ăn'),(730,2,20,'Ngày uống 2 lần sau ăn sáng và tối'),(730,6,10,'Ngày uống 1 lần sau ăn trưa'),(731,1,30,'Ngày uống 3 lần sau khi ăn'),(731,2,20,'Ngày uống 2 lần sau ăn sáng và tối'),(731,6,10,'Ngày uống 1 lần sau ăn trưa'),(735,1,30,'Ngày uống 3 lần sau khi ăn'),(735,2,20,'Ngày uống 2 lần sau ăn sáng và tối'),(735,6,10,'Ngày uống 1 lần sau ăn trưa'),(738,1,15,'Ngày uống 1 lần, mỗi lần 1 ống sau ăn tối'),(738,4,10,'Ngày uống 3 lần, mỗi lần 1 viên sau khi ăn'),(738,5,30,'Ngày uống 2 lần, mỗi lần 1 viên sau ăn sáng và tối'),(739,1,15,'Ngày uống 1 lần, mỗi lần 1 ống sau ăn tối'),(739,4,10,'Ngày uống 3 lần, mỗi lần 1 viên sau khi ăn'),(740,1,30,'Ngày uống 1 lần sau ăn trưa'),(740,2,20,'Ngày uống 2 lần sau ăn sáng và tối'),(740,6,30,'Ngày uống 3 lần sau khi ăn'),(740,7,30,'Ngày uống 2 lần sau ăn sáng và tối'),(741,1,60,'Ngày uống 1 lần sau ăn trưa'),(741,2,20,'Ngày uống 2 lần sau ăn sáng và tối'),(741,6,30,'Ngày uống 3 lần sau khi ăn'),(741,7,30,'Ngày uống 2 lần sau ăn sáng và tối'),(741,8,30,'Ngày uống 1 lần sau ăn trưa'),(743,5,30,'Ngày uống 2 lần, mỗi lần 1 viên sau ăn sáng và tối'),(743,9,2,'Thoa vào chỗ đau'),(746,1,15,'Ngày uống 1 lần, mỗi lần 1 ống sau ăn tối'),(746,6,30,'Ngày uống 2 lần, mỗi lần 1 viên sau ăn sáng và tối'),(747,2,30,'Ngày uống 2 lần, mỗi lần 1 viên sau ăn sáng và tối'),(747,6,30,'Ngày uống 2 lần, mỗi lần 1 viên sau ăn sáng và tối'),(747,7,2,'Thoa vào chỗ đau'),(752,1,30,'Ngày uống 1 lần sau ăn trưa'),(752,2,20,'Ngày uống 2 lần sau ăn sáng và tối'),(752,6,30,'Ngày uống 3 lần sau khi ăn'),(752,7,30,'Ngày uống 2 lần sau ăn sáng và tối'),(754,1,30,'Ngày uống 3 lần sau khi ăn'),(754,2,20,'Ngày uống 2 lần sau ăn sáng và tối'),(754,4,10,'Ngày uống 1 lần sau ăn trưa'),(758,7,2,'Thoa vào chỗ đau'),(759,1,30,'Ngày uống 3 lần sau khi ăn'),(759,2,20,'Ngày uống 2 lần sau ăn sáng và tối'),(759,4,10,'Ngày uống 1 lần sau ăn trưa'),(759,6,30,'Ngày uống 3 lần sau khi ăn'),(765,1,30,'Ngày uống 3 lần sau khi ăn'),(765,2,20,'Ngày uống 2 lần sau ăn sáng và tối'),(765,4,10,'Ngày uống 1 lần sau ăn trưa'),(773,2,20,'Ngày uống 2 lần sau ăn sáng và tối'),(773,6,30,'Ngày uống 3 lần sau khi ăn'),(775,1,30,'Ngày uống 3 lần sau khi ăn'),(775,2,20,'Ngày uống 2 lần sau ăn sáng và tối'),(775,4,10,'Ngày uống 1 lần sau ăn trưa'),(775,6,30,'Ngày uống 3 lần sau khi ăn'),(776,1,30,'Ngày uống 3 lần sau khi ăn'),(776,2,20,'Ngày uống 2 lần sau ăn sáng và tối'),(776,4,10,'Ngày uống 1 lần sau ăn trưa'),(776,10,15,'Ngày uống 1 lần, mỗi lần 1 viên sau ăn trưa'),(777,1,30,'Ngày uống 3 lần sau khi ăn'),(777,2,20,'Ngày uống 2 lần sau ăn sáng và tối'),(777,4,10,'Ngày uống 1 lần sau ăn trưa'),(777,10,15,'Ngày uống 1 lần, mỗi lần 1 viên sau ăn trưa'),(815,1,30,'Ngày uống 1 lần sau ăn trưa'),(815,2,20,'Ngày uống 2 lần sau ăn sáng và tối'),(815,6,30,'Ngày uống 3 lần sau khi ăn'),(815,7,30,'Ngày uống 2 lần sau ăn sáng và tối'),(815,11,15,'Một ngày uống nhiều lần, uống khi nào chết thì ngưng'),(816,2,20,'Ngày uống 2 lần sau ăn sáng và tối'),(816,6,30,'Ngày uống 3 lần sau khi ăn'),(827,4,10,'Ngày uống 3 lần, mỗi lần 1 viên sau khi ăn'),(827,6,30,'Ngày uống 2 lần, mỗi lần 1 viên sau ăn sáng và tối'),(828,1,15,'Ngày uống 1 lần, mỗi lần 1 ống sau ăn tối'),(828,7,2,'Thoa vào chỗ đau'),(829,4,10,'Ngày uống 3 lần, mỗi lần 1 viên sau khi ăn'),(829,7,2,'Thoa vào chỗ đau'),(830,4,10,'Ngày uống 3 lần, mỗi lần 1 viên sau khi ăn'),(830,6,30,'Ngày uống 2 lần, mỗi lần 1 viên sau ăn sáng và tối'),(830,7,2,'Thoa vào chỗ đau'),(831,1,15,'Ngày uống 1 lần, mỗi lần 1 ống sau ăn tối'),(831,6,30,'Ngày uống 2 lần, mỗi lần 1 viên sau ăn sáng và tối'),(831,7,2,'Thoa vào chỗ đau'),(832,1,30,'Ngày uống 3 lần sau khi ăn'),(832,2,20,'Ngày uống 2 lần sau ăn sáng và tối'),(832,6,10,'Ngày uống 1 lần sau ăn trưa'),(833,1,30,'Ngày uống 3 lần sau khi ăn'),(833,2,20,'Ngày uống 2 lần sau ăn sáng và tối'),(833,6,10,'Ngày uống 1 lần sau ăn trưa'),(833,7,2,'Thoa vào chỗ đau'),(836,6,30,'Ngày uống 2 lần, mỗi lần 1 viên sau ăn sáng và tối'),(837,1,30,'Ngày uống 3 lần sau khi ăn'),(837,2,20,'Ngày uống 2 lần sau ăn sáng và tối'),(837,5,30,'Ngày uống 2 lần, mỗi lần 1 viên sau ăn sáng và tối'),(837,6,10,'Ngày uống 1 lần sau ăn trưa'),(839,1,30,'Ngày uống 3 lần sau khi ăn'),(839,2,20,'Ngày uống 2 lần sau ăn sáng và tối'),(839,6,10,'Ngày uống 1 lần sau ăn trưa'),(840,1,60,'Ngày uống 1 lần sau ăn trưa'),(840,2,20,'Ngày uống 2 lần sau ăn sáng và tối'),(840,6,30,'Ngày uống 3 lần sau khi ăn'),(840,7,30,'Ngày uống 2 lần sau ăn sáng và tối'),(840,8,30,'Ngày uống 1 lần sau ăn trưa'),(841,0,30,'Ngày uống 2 lần, mỗi lần 1 viên sau ăn sáng và tối'),(844,0,30,'Ngày uống 2 lần, mỗi lần 1 viên sau ăn sáng và tối'),(844,2,30,'Ngày uống 2 lần, mỗi lần 1 viên sau ăn sáng và tối'),(844,6,30,'Ngày uống 2 lần, mỗi lần 1 viên sau ăn sáng và tối'),(844,7,2,'Thoa vào chỗ đau'),(889,6,30,'Ngày uống 3 lần sau khi ăn'),(899,1,30,'Ngày uống 3 lần sau khi ăn'),(899,2,20,'Ngày uống 2 lần sau ăn sáng và tối'),(899,4,10,'Ngày uống 1 lần sau ăn trưa');
/*!40000 ALTER TABLE `tbl_medical_medicines` ENABLE KEYS */;
UNLOCK TABLES;

--
-- Table structure for table `tbl_medical_record`
--

DROP TABLE IF EXISTS `tbl_medical_record`;
/*!40101 SET @saved_cs_client     = @@character_set_client */;
/*!40101 SET character_set_client = utf8 */;
CREATE TABLE `tbl_medical_record` (
  `appointmentID` bigint(1) NOT NULL,
  `reminding` varchar(255) CHARACTER SET utf8 DEFAULT NULL,
  `description` varchar(255) CHARACTER SET utf8 DEFAULT '',
  PRIMARY KEY (`appointmentID`)
) ENGINE=InnoDB DEFAULT CHARSET=latin1;
/*!40101 SET character_set_client = @saved_cs_client */;

--
-- Dumping data for table `tbl_medical_record`
--

LOCK TABLES `tbl_medical_record` WRITE;
/*!40000 ALTER TABLE `tbl_medical_record` DISABLE KEYS */;
INSERT INTO `tbl_medical_record` VALUES (195,'kiêng cử mọi thứ',''),(272,'cháu muốn ăn gì thì người nhà chiều theo ý cháu nhé',''),(520,'Kiêng rượu bia',''),(521,'',''),(522,'ăn ngủ đủ',''),(527,'Chia buồn cùng gia đình',''),(528,'test',''),(529,'Cữ ăn cà pháo mắm tôm , thịt cày , rượu bia , thuốc lá.',''),(530,'Nhớ ăn sáng',''),(531,'test',''),(532,'test',''),(533,'test',''),(534,'test',''),(539,'nhớ uống thuốc đầy đủ',''),(540,'test',''),(541,'asdasd',''),(547,'Tái khám vào ngày 26/07/2018',''),(553,'khong tai kham',''),(555,'Kiêng rượu bia, thuốc lá',''),(559,'Không sao đâu',''),(561,'asd',''),(564,'test',''),(565,'asdasdsa',''),(566,'mau khỏi bệnh',''),(567,'test',''),(576,'test',''),(590,'uống thuốc đầy đủ và tái khám khi hết thuốc',''),(599,'Tái khám sau khi hết thuốc',''),(600,'Uống thuốc đầy đủ, kiêng rượu, bia',''),(601,'Kiêng rượu, bia, thuốc lá',''),(602,'test',''),(603,'uống thuốc sau khi ăn',''),(604,'test',''),(605,'test',''),(608,'Ăn uống đầy đủ',''),(609,'test',''),(610,'test',''),(611,'test',''),(612,'test',''),(613,'test',''),(614,'test',''),(615,'test',''),(616,'test',''),(617,'Ăn uống đầy đủ',''),(619,'test',''),(620,'a',''),(621,'a',''),(622,'test',''),(623,'Kiêng rượu bia; Kiêng rượu bia, thuốc lạ',''),(624,'Kiêng rượu bia, thuốc lạ',''),(627,'',''),(635,'Kiêng đồ ăn dầu mỡ; Ăn uống đúng giờ, không bỏ bữa',''),(659,'Kiêng đồ ăn dầu mỡ; Ăn uống đúng giờ, không bỏ bữa',''),(661,'Kiêng đồ ăn dầu mỡ; Ăn uống đúng giờ, không bỏ bữa',''),(662,'',''),(663,'',''),(664,'Kiêng rượu bia, thuốc lạ',''),(666,'Kiêng rượu bia, thuốc lạ',''),(667,'Kiêng rượu bia, thuốc lạ',''),(668,'Ăn uống đúng giờ, không bỏ bữa',''),(669,'Ăn uống đúng giờ, không bỏ bữa',''),(675,'Kiêng rượu bia',''),(676,'Kiêng rượu bia; Kiêng rượu bia, thuốc lạ',''),(677,'Kiêng đồ ăn dầu mỡ; Ăn uống đúng giờ, không bỏ bữa',''),(678,'Kiêng rượu bia; Kiêng rượu bia, thuốc lạ',''),(680,'Kiêng rượu bia, thuốc lá',''),(681,'Kiêng rượu bia, thuốc lá; Kiêng đồ ăn dầu mỡ',''),(684,'Kiêng đồ ăn dầu mỡ; Ăn uống đúng giờ, không bỏ bữa',''),(685,'Kiêng đồ ăn dầu mỡ; Ăn uống đúng giờ, không bỏ bữa',''),(686,'Kiêng đồ ăn dầu mỡ; Ăn uống đúng giờ, không bỏ bữa',''),(687,'Kiêng rượu bia, thuốc lá; Kiêng đồ ăn dầu mỡ',''),(688,'Kiêng rượu bia, thuốc lá',''),(689,'Kiêng đồ ăn dầu mỡ; Ăn uống đúng giờ, không bỏ bữa',''),(690,'Kiêng đồ ăn dầu mỡ; Ăn uống đúng giờ, không bỏ bữa',''),(692,'Kiêng đồ ăn dầu mỡ; Ăn uống đúng giờ, không bỏ bữa',''),(695,'Kiêng đồ ăn dầu mỡ; Ăn uống đúng giờ, không bỏ bữa',''),(697,'Kiêng đồ ăn dầu mỡ; Ăn uống đúng giờ, không bỏ bữa',''),(701,'Kiêng đồ ăn dầu mỡ; Ăn uống đúng giờ, không bỏ bữa',''),(705,'Kiêng đồ ăn dầu mỡ; Ăn uống đúng giờ, không bỏ bữa',''),(706,'Ăn uống đúng giờ, không bỏ bữa',''),(708,'Kiêng rượu bia',''),(709,'Kiêng rượu bia',''),(712,'Kiêng rượu bia',''),(717,'Kiêng rượu bia',''),(730,'Kiêng đồ ăn dầu mỡ; Ăn uống đúng giờ, không bỏ bữa',''),(731,'Kiêng đồ ăn dầu mỡ; Ăn uống đúng giờ, không bỏ bữa',''),(735,'Kiêng đồ ăn dầu mỡ; Ăn uống đúng giờ, không bỏ bữa',''),(738,'An uong dung gio, bot di quay lai',''),(739,'',''),(740,'Ăn uống đúng giờ, không bỏ bữa; Kiêng đồ ăn dầu mỡ',''),(741,'Ăn uống đúng giờ, không bỏ bữa; Kiêng đồ ăn dầu mỡ; Kiêng rượu bia, thuốc lá',''),(743,'',''),(746,'',''),(747,'',''),(752,'Ăn uống đúng giờ, không bỏ bữa; Kiêng đồ ăn dầu mỡ',''),(754,'Kiêng rượu bia',''),(758,'',''),(759,'Kiêng rượu bia, thuốc lá',''),(765,'Kiêng rượu bia',''),(773,'Ăn uống đúng giờ, không bỏ bữa',''),(775,'Kiêng rượu bia, thuốc lá',''),(776,'Kiêng rượu bia',''),(777,'Kiêng rượu bia',''),(815,'',''),(816,'Ăn uống đúng giờ, không bỏ bữa',''),(827,'',''),(828,'',''),(829,'adasd',''),(830,'asd',''),(831,'',''),(832,'Kiêng đồ ăn dầu mỡ; Ăn uống đúng giờ, không bỏ bữa',''),(833,'Kiêng đồ ăn dầu mỡ; Ăn uống đúng giờ, không bỏ bữa',''),(836,'abc',''),(837,'Kiêng đồ ăn dầu mỡ; Ăn uống đúng giờ, không bỏ bữa',''),(838,'',''),(839,'Kiêng đồ ăn dầu mỡ; Ăn uống đúng giờ, không bỏ bữa',''),(840,'Ăn uống đúng giờ, không bỏ bữa; Kiêng đồ ăn dầu mỡ; Kiêng rượu bia, thuốc lá',''),(841,'',''),(844,'Uống tới chết',''),(889,'Kiêng rượu bia, thuốc lá',''),(899,'Kiêng rượu bia','');
/*!40000 ALTER TABLE `tbl_medical_record` ENABLE KEYS */;
UNLOCK TABLES;

--
-- Table structure for table `tbl_medical_symptom`
--

DROP TABLE IF EXISTS `tbl_medical_symptom`;
/*!40101 SET @saved_cs_client     = @@character_set_client */;
/*!40101 SET character_set_client = utf8 */;
CREATE TABLE `tbl_medical_symptom` (
  `appointmentID` bigint(11) NOT NULL,
  `symptomID` bigint(11) NOT NULL,
  PRIMARY KEY (`appointmentID`,`symptomID`)
) ENGINE=InnoDB DEFAULT CHARSET=latin1;
/*!40101 SET character_set_client = @saved_cs_client */;

--
-- Dumping data for table `tbl_medical_symptom`
--

LOCK TABLES `tbl_medical_symptom` WRITE;
/*!40000 ALTER TABLE `tbl_medical_symptom` DISABLE KEYS */;
INSERT INTO `tbl_medical_symptom` VALUES (528,6),(553,3),(553,10),(590,4),(599,5),(599,6),(600,7),(600,8),(600,9),(601,10),(601,11),(602,12),(603,1),(603,2),(603,3),(604,14),(605,15),(609,16),(610,12),(611,12),(612,18),(613,12),(614,12),(615,12),(616,12),(617,4),(619,13),(620,19),(621,19),(622,20),(627,19),(889,24),(899,21),(899,22),(899,23);
/*!40000 ALTER TABLE `tbl_medical_symptom` ENABLE KEYS */;
UNLOCK TABLES;

--
-- Table structure for table `tbl_medicine`
--

DROP TABLE IF EXISTS `tbl_medicine`;
/*!40101 SET @saved_cs_client     = @@character_set_client */;
/*!40101 SET character_set_client = utf8 */;
CREATE TABLE `tbl_medicine` (
  `medicineID` bigint(1) NOT NULL AUTO_INCREMENT,
  `medicineName` varchar(255) CHARACTER SET utf8 DEFAULT NULL,
  `unitName` varchar(255) CHARACTER SET utf8 DEFAULT NULL,
  `isActive` tinyint(1) DEFAULT NULL,
  `defaultQuantity` int(11) DEFAULT NULL,
  `defaultDescription` varchar(255) CHARACTER SET utf8 DEFAULT NULL,
  PRIMARY KEY (`medicineID`)
) ENGINE=InnoDB AUTO_INCREMENT=15 DEFAULT CHARSET=latin1;
/*!40101 SET character_set_client = @saved_cs_client */;

--
-- Dumping data for table `tbl_medicine`
--

LOCK TABLES `tbl_medicine` WRITE;
/*!40000 ALTER TABLE `tbl_medicine` DISABLE KEYS */;
INSERT INTO `tbl_medicine` VALUES (0,'Prenatal','Viên',1,30,'Ngày uống 2 lần, mỗi lần 1 viên sau ăn sáng và tối'),(1,'Viabiovit','Ống',1,15,'Ngày uống 1 lần, mỗi lần 1 ống sau ăn tối'),(2,'KSol','Viên',1,30,'Ngày uống 2 lần, mỗi lần 1 viên sau ăn sáng và tối'),(3,'Patamol 500mg','Viên',1,84,'Ngày uống 2 lần, mỗi lần 2 viên'),(4,'Paradon','Vỉ',1,10,'Ngày uống 3 lần, mỗi lần 1 viên sau khi ăn'),(5,'Omega 3','Viên',1,30,'Ngày uống 2 lần, mỗi lần 1 viên sau ăn sáng và tối'),(6,'GenK','Viên',1,30,'Ngày uống 2 lần, mỗi lần 1 viên sau ăn sáng và tối'),(7,'Eumovate cream','Tuýp',1,2,'Thoa vào chỗ đau'),(8,'Contractubex','Tuýp',1,1,'Thoa vào chỗ đau'),(9,'Promethazin 2%','Tuýp',1,2,'Thoa vào chỗ đau'),(10,'Diflucan 250mg','Viên',1,15,'Ngày uống 1 lần, mỗi lần 1 viên sau ăn trưa'),(11,'Paracetamol','Viên',1,15,'Ngày uống 1 lần, mỗi lần 1 viên sau ăn trưa'),(12,'Coderforte','Viên',1,84,'Ngày 2 lần, mỗi lần 4 viên'),(13,'Alpha choay 5mg','Viên',0,84,'Ngày uống 2 lần, mỗi lần 4 viên'),(14,'Azithromycin 500mg','Viên',1,33,'Ngày uống 3 lần, mỗi lần 1 viên');
/*!40000 ALTER TABLE `tbl_medicine` ENABLE KEYS */;
UNLOCK TABLES;

--
-- Table structure for table `tbl_patient`
--

DROP TABLE IF EXISTS `tbl_patient`;
/*!40101 SET @saved_cs_client     = @@character_set_client */;
/*!40101 SET character_set_client = utf8 */;
CREATE TABLE `tbl_patient` (
  `patientID` bigint(20) NOT NULL AUTO_INCREMENT,
  `phoneNumber` varchar(15) DEFAULT NULL,
  `fullName` varchar(50) CHARACTER SET utf8 DEFAULT NULL,
  `address` varchar(255) CHARACTER SET utf8 DEFAULT NULL,
  `yob` datetime DEFAULT NULL,
  `gender` tinyint(3) DEFAULT NULL,
  `clinicUsername` varchar(20) DEFAULT NULL,
  `secondPhoneNumber` varchar(15) CHARACTER SET utf8 DEFAULT NULL,
  PRIMARY KEY (`patientID`)
) ENGINE=InnoDB AUTO_INCREMENT=903 DEFAULT CHARSET=latin1;
/*!40101 SET character_set_client = @saved_cs_client */;

--
-- Dumping data for table `tbl_patient`
--

LOCK TABLES `tbl_patient` WRITE;
/*!40000 ALTER TABLE `tbl_patient` DISABLE KEYS */;
INSERT INTO `tbl_patient` VALUES (5,'18327795475','Quang Trung',NULL,NULL,NULL,'hoanghoa',NULL),(6,'+18327795475','Nguyễn Huệ',NULL,NULL,0,'hoanghoa',NULL),(7,'+18327795475','Hàn Mặc Tử',NULL,NULL,NULL,'hoanghoa',NULL),(8,'+18327795475','Lý Bạch',NULL,NULL,NULL,'hoanghoa',NULL),(15,'+18327795475','Hoàng Dung',NULL,NULL,NULL,'hoanghoa',NULL),(16,'+18327795475','anh Trung',NULL,NULL,NULL,'hoanghoa',NULL),(17,'+18327795475','Hoàng Trung',NULL,NULL,NULL,'hoanghoa',NULL),(18,'+18327795475','Nguyễn Hoài',NULL,NULL,NULL,'hoanghoa',NULL),(19,'+18327795475','Hồng Thất Công',NULL,NULL,NULL,'hoanghoa',NULL),(20,'+18327795475','Vô Kỵ',NULL,NULL,NULL,'hoanghoa',NULL),(21,'+18327795475','Chu Chỉ Nhược',NULL,NULL,NULL,'hoanghoa',NULL),(22,'+18327795475','Trương Vô Kỵ',NULL,NULL,NULL,'hoanghoa',NULL),(23,'+18327795475','Triệu Mẫn',NULL,NULL,NULL,'hoanghoa',NULL),(24,'+18327795475','Lý Mạc Sầu',NULL,NULL,NULL,'hoanghoa',NULL),(25,'+18327795475','Dương Quá',NULL,NULL,NULL,'hoanghoa',NULL),(26,'+18327795475','Tiểu Long Nữ',NULL,NULL,NULL,'hoanghoa',NULL),(27,'+18327795475','Vương Trùng Dương',NULL,NULL,NULL,'hoanghoa',NULL),(28,'+18327795475','Âu Dương Phong',NULL,NULL,NULL,'hoanghoa',NULL),(29,'+18327795475','Lưu Bị',NULL,NULL,NULL,'hoanghoa',NULL),(30,'+18327795475','Tiêu Phong',NULL,NULL,NULL,'hoanghoa',NULL),(31,'+18327795475','Đoàn Dự',NULL,NULL,NULL,'hoanghoa',NULL),(32,'+18327795475','Hư trúc',NULL,NULL,NULL,'hoanghoa',NULL),(33,'+18327795475','Gia Cát Lượng',NULL,NULL,NULL,'hoanghoa',NULL),(34,'+18327795475','Trương vô kỵ',NULL,NULL,NULL,'hoanghoa',NULL),(35,'+18327795475','Lương sơn bá',NULL,NULL,NULL,'hoanghoa',NULL),(36,'+18327795475','Chúc Anh Đào',NULL,NULL,NULL,'hoanghoa',NULL),(37,'+84902895671','Trần Tuấn Dũng',NULL,NULL,NULL,'hoanghoa',NULL),(38,'+18327795475','Tô TInh Hà',NULL,NULL,NULL,'hoanghoa',NULL),(39,'+18327795475','Đoàn Chính Thuần',NULL,NULL,NULL,'hoanghoa',NULL),(40,'+18327795475','Mộ Dung Phục',NULL,NULL,NULL,'hoanghoa',NULL),(41,'+18327795475','Vương Ngữ Yên',NULL,NULL,NULL,'hoanghoa',NULL),(42,'+18327795475','Đây là tin nhắn',NULL,NULL,NULL,'hoanghoa',NULL),(43,'+18327795475','Đoàn Chính Thuần',NULL,NULL,NULL,'hoanghoa',NULL),(44,'+84969345159','Nguyễn Thị Phương',NULL,NULL,NULL,'hoanghoa',NULL),(45,'+841655594954','Vương Ngữ Yên',NULL,NULL,NULL,'hoanghoa',NULL),(46,'+84969345159','Đoàn Ngọc Hải',NULL,NULL,NULL,'hoanghoa',NULL),(47,'+841655594954','Hương Rơi',NULL,NULL,NULL,'hoanghoa',NULL),(48,'+84932107960','Việc Tử Tế',NULL,NULL,NULL,'hoanghoa',NULL),(190,'+18327795475','Nguyễn Thị Kim Ngân',NULL,NULL,NULL,'hoanghoa',NULL),(191,'+18327795475','Đây là tin nhắn',NULL,NULL,NULL,'hoanghoa',NULL),(192,'+18327795475','Đây là tin nhắn',NULL,NULL,NULL,'hoanghoa',NULL),(193,'+18327795475','Đoàn Ngọc Hải',NULL,NULL,NULL,'hoanghoa',NULL),(194,'+18327795475','Đây là tin nhắn',NULL,NULL,NULL,'hoanghoa',NULL),(195,'+18327795475','Nguyễn Thị Kim Ngân',NULL,NULL,NULL,'hoanghoa',NULL),(196,'+18327795475','Đây là tin nhắn',NULL,NULL,NULL,'hoanghoa',NULL),(197,'+18327795475','Đây là tin nhắn',NULL,NULL,NULL,'hoanghoa',NULL),(208,'+18327795475','DuyNC',NULL,NULL,NULL,'hoanghoa',NULL),(209,'+18327795475','Đây là tin nhắn',NULL,NULL,NULL,'hoanghoa',NULL),(210,'+18327795475','Đây là tin nhắn',NULL,NULL,NULL,'hoanghoa',NULL),(211,'+18327795475','kiet tt',NULL,NULL,NULL,'hoanghoa',NULL),(212,'+18327795475','thuannt',NULL,NULL,NULL,'hoanghoa',NULL),(213,'+18327795475','Nguyễn Thanh Nghị',NULL,NULL,NULL,'hoanghoa',NULL),(214,'+18327795475','Đoàn Ngọc Hải',NULL,NULL,NULL,'hoanghoa',NULL),(215,'+18327795475','NGuyễn Phú Trọng',NULL,NULL,NULL,'hoanghoa',NULL),(216,'+18327795475','Nguyễn Xuân Phúc',NULL,NULL,NULL,'hoanghoa',NULL),(217,'+18327795475','Nguyễn Chí Dũng',NULL,NULL,NULL,'hoanghoa',NULL),(218,'+18327795475','Vương Đình Huệ',NULL,NULL,NULL,'hoanghoa',NULL),(219,'+18327795475','Nguyễn Văn Thân',NULL,NULL,NULL,'hoanghoa',NULL),(220,'+18327795475','Nguyễn Anh Trí',NULL,NULL,NULL,'hoanghoa',NULL),(225,'+18327795475','Nguyễn Thị Kim Ngân',NULL,NULL,NULL,'hoanghoa',NULL),(227,'+84976666375','Nguyễn Tấn Duy',NULL,NULL,NULL,'hoanghoa',NULL),(228,'+841655594954','Nguyễn Lương Tuấn Kiệt',NULL,NULL,NULL,'hoanghoa',NULL),(229,'+18327795475','Nguyễn Cao',NULL,NULL,0,'hoanghoa',NULL),(230,'+18327795475','Nguyễn Cao D',NULL,NULL,NULL,'hoanghoa',NULL),(231,'+18327795475','Nguyễn Cao Duy','Trần Hưng Đạo','1997-03-24 00:00:00',1,'hoanghoa',NULL),(232,'+841655594954','Lê Văn Luyện',NULL,NULL,NULL,'hoanghoa',NULL),(233,'+84969345678','Nguyễn Thế Phương',NULL,NULL,NULL,'hoanghoa',NULL),(234,'+18327795475','Nguyễn Ca',NULL,NULL,NULL,'hoanghoa',NULL),(235,'+841655594954','Nguyễn Lương Tuấn Kiệt',NULL,NULL,NULL,'hoanghoa',NULL),(236,'+18327795475','Nguyễn Phú Trọng',NULL,NULL,NULL,'hoanghoa',NULL),(237,'+841655594954','Kiều Trọng Khánh',NULL,NULL,NULL,'hoanghoa',NULL),(238,'+84969345951','Nguyễn Thế Phương',NULL,NULL,NULL,'hoanghoa',NULL),(239,'+1841655594954','Nguyễn Lương Tuấn Kiệt',NULL,NULL,NULL,'hoanghoa',NULL),(240,'+18327795475','Trần Thị Thu Bổ',NULL,NULL,NULL,'hoanghoa',NULL),(261,'+18327795475','Kiệt Keo Kiệt',NULL,NULL,NULL,'hoanghoa',NULL),(262,'+18327795475','Kiệt keo kiệt',NULL,NULL,NULL,'hoanghoa',NULL),(263,'+18327795475','Thuận thành than',NULL,NULL,NULL,'hoanghoa',NULL),(264,'+18327795475','Kiệt keo kiệt',NULL,NULL,NULL,'hoanghoa',NULL),(265,'+18327795475','Thuận thành than',NULL,NULL,NULL,'hoanghoa',NULL),(266,'+18327795475','Thuận thành than',NULL,NULL,NULL,'hoanghoa',NULL),(267,'+18327795475','Kiệt keo kiệt',NULL,NULL,NULL,'hoanghoa',NULL),(268,'+18327795475','Phan Thanh Toàn',NULL,NULL,NULL,'hoanghoa',NULL),(269,'+18327795475','Trần Quốc Hải',NULL,NULL,NULL,'hoanghoa',NULL),(270,'+18327795475','Nguyễn Thanh Kim',NULL,NULL,NULL,'hoanghoa',NULL),(271,'+18327795475','Phan Thành Thuận',NULL,NULL,NULL,'hoanghoa',NULL),(272,'+18327795475','Nguyễn Lương Tuấn Kiệt',NULL,NULL,0,'hoanghoa',NULL),(273,'+18327795475','NDuy',NULL,NULL,NULL,'hoanghoa',NULL),(285,'0989660351','Bệnh Nhân 1','Thành Phố 1',NULL,NULL,'hoanghoa',NULL),(286,'0989660352','Bệnh Nhân 2','Thành Phố 2',NULL,NULL,'hoanghoa',NULL),(287,'0989660353','Bệnh Nhân 3','Thành Phố 3',NULL,NULL,'hoanghoa',NULL),(288,'0989660354','Bệnh Nhân 4','Thành Phố 4',NULL,NULL,'hoanghoa',NULL),(289,'0989660355','Bệnh Nhân 5','Thành Phố 5',NULL,NULL,'hoanghoa',NULL),(290,'0989660356','Bệnh Nhân 6','Thành Phố 6',NULL,NULL,'hoanghoa',NULL),(291,'0989660357','Bệnh Nhân 7','Thành Phố 7',NULL,NULL,'hoanghoa',NULL),(292,'0989660358','Bệnh Nhân 8','Thành Phố 8',NULL,NULL,'hoanghoa',NULL),(293,'0989660359','Bệnh Nhân 9','Thành Phố 9',NULL,NULL,'hoanghoa',NULL),(294,'0989660360','Bệnh Nhân 10','Thành Phố 10',NULL,NULL,'hoanghoa',NULL),(295,'+18327795475','Nguyễn Kiệt',NULL,NULL,NULL,'hoanghoa',NULL),(296,'+18327795475','Nguyễn Phương',NULL,NULL,NULL,'hoanghoa',NULL),(297,'+18327795475','Nguyễn Duy',NULL,NULL,NULL,'hoanghoa',NULL),(298,'+18327795475','Phan Thuận',NULL,NULL,NULL,'hoanghoa',NULL),(302,'+84969345231','Nguyễn Thế Phương',NULL,NULL,NULL,'hoanghoa',NULL),(303,'+18326735555','Đây là tin nhắn',NULL,NULL,NULL,'hoanghoa',NULL),(304,'+18326435678','Đây là tin nhắn',NULL,NULL,NULL,'hoanghoa',NULL),(305,'+18326435984','Nguyễn Duy',NULL,NULL,NULL,'hoanghoa',NULL),(306,'+18327795475','Phương Nguyễn',NULL,NULL,NULL,'hoanghoa',NULL),(307,'+18326735555','Duy Nguyễn',NULL,NULL,NULL,'hoanghoa',NULL),(308,'+18326435678','Kiệt Nguyễn',NULL,NULL,NULL,'hoanghoa',NULL),(309,'+18326435984','Thuận Phan',NULL,NULL,NULL,'hoanghoa',NULL),(310,'+84969345159','Việt keo kiệt',NULL,NULL,NULL,'hoanghoa',NULL),(311,'+84932107960','Phan Thành Thuận',NULL,NULL,NULL,'hoanghoa',NULL),(313,'+84932107960','Anh thành thật',NULL,NULL,NULL,'hoanghoa',NULL),(314,'+18327795475','Nguyễn Phương',NULL,NULL,NULL,'hoanghoa',NULL),(315,'+18327795475','Kiệt keo Kiệt',NULL,NULL,NULL,'hoanghoa',NULL),(316,'+841655594954','Nguyễn Văn Hiếu',NULL,NULL,NULL,'hoanghoa',NULL),(317,'+84932107960','Kiệt',NULL,NULL,NULL,'hoanghoa',NULL),(318,'+18326735555','Tuấn Kiệt',NULL,NULL,NULL,'hoanghoa',NULL),(319,'+84976666375','chế keo kiệt',NULL,NULL,NULL,'hoanghoa',NULL),(320,'+18327795475','Qqqqqq',NULL,NULL,NULL,'hoanghoa',NULL),(321,'+18326735555','Hạhaj',NULL,NULL,NULL,'hoanghoa',NULL),(322,'+18326435678','Hdjdjdjjdjd',NULL,NULL,NULL,'hoanghoa',NULL),(323,'+18326435984','Qeidie',NULL,NULL,NULL,'hoanghoa',NULL),(324,'+18325435434','Ụedjjdj',NULL,NULL,NULL,'hoanghoa',NULL),(325,'+18327643045','C dbfh',NULL,NULL,NULL,'hoanghoa',NULL),(326,'+18328949640','Cbfhjf',NULL,NULL,NULL,'hoanghoa',NULL),(327,'+18325394579','Nffjf',NULL,NULL,NULL,'hoanghoa',NULL),(328,'+18375674567','Uejjrj',NULL,NULL,NULL,'hoanghoa',NULL),(329,'+18335465473','Dnjdeuur',NULL,NULL,NULL,'hoanghoa',NULL),(330,'+18327795475','Thu Trang',NULL,NULL,NULL,'hoanghoa',NULL),(331,'+18326735555','Tuấn Tùng',NULL,NULL,NULL,'hoanghoa',NULL),(332,'+18326435678','Hoa',NULL,NULL,NULL,'hoanghoa',NULL),(333,'+18326435984','Kiệt nguyễn',NULL,NULL,NULL,'hoanghoa',NULL),(334,'+18325435434','Thuận phan',NULL,NULL,NULL,'hoanghoa',NULL),(335,'+18327643045','Phương nguyễn',NULL,NULL,NULL,'hoanghoa',NULL),(336,'+18328949640','Duy nguyễn',NULL,NULL,NULL,'hoanghoa',NULL),(337,'+18325394579','Thu hương',NULL,NULL,NULL,'hoanghoa',NULL),(338,'+18375674567','Bá hổ',NULL,NULL,NULL,'hoanghoa',NULL),(339,'+18335465473','Doãn huynh',NULL,NULL,NULL,'hoanghoa',NULL),(350,'+18327795475','Tran cao minh',NULL,NULL,NULL,'hoanghoa',NULL),(351,'+18327795475','Duy nguyễn',NULL,NULL,NULL,'hoanghoa',NULL),(355,'+18327795475','Tuan Kiet',NULL,NULL,NULL,'hoanghoa',NULL),(356,'+84903937507','Nguyễn Văn Hiếu',NULL,NULL,NULL,'hoanghoa',NULL),(357,'+18327795475','Chó Kiệt',NULL,NULL,NULL,'hoanghoa',NULL),(358,'+18327795475','Đâu Rồi',NULL,NULL,NULL,'hoanghoa',NULL),(359,'+84969345159','Cơm Chiên',NULL,NULL,NULL,'hoanghoa',NULL),(360,'+84969345159','Thuận Bd',NULL,NULL,NULL,'hoanghoa',NULL),(361,'+84969345159','Yêu Thiệt Mà',NULL,NULL,NULL,'hoanghoa',NULL),(362,'+18327795475','Phương Rất Yêu Kiệt',NULL,NULL,NULL,'hoanghoa',NULL),(363,'+18327795475','Đi Về Đi\n Lêx',NULL,NULL,NULL,'hoanghoa',NULL),(367,'+18327795475','Cho Thuan Bd',NULL,NULL,NULL,'hoanghoa',NULL),(369,'+18327795475','Kiệt Gay',NULL,NULL,NULL,'hoanghoa',NULL),(370,'+18326735555','Thuận Gay',NULL,NULL,NULL,'hoanghoa',NULL),(371,'+18326435678','Hudjdjd',NULL,NULL,NULL,'hoanghoa',NULL),(372,'+18326435984','Hshdjdjs',NULL,NULL,NULL,'hoanghoa',NULL),(376,'+18327795475','Thành Phần',NULL,NULL,NULL,'hoanghoa',NULL),(377,'+18326735555','Phan Thành Thuận',NULL,NULL,NULL,'hoanghoa',NULL),(378,'+18326735555','Duc Thoai',NULL,NULL,NULL,'hoanghoa',NULL),(383,'+18327795475','Thuan Hien',NULL,NULL,NULL,'hoanghoa',NULL),(384,'+18326435678','Thuan Bede',NULL,NULL,NULL,'hoanghoa',NULL),(385,'+18326435984','Hshhs',NULL,NULL,NULL,'hoanghoa',NULL),(386,'+18325435434','G Dragon',NULL,NULL,NULL,'hoanghoa',NULL),(387,'+18327643045','Hdhdhhd',NULL,NULL,NULL,'hoanghoa',NULL),(388,'+18328949640','Gedv',NULL,NULL,NULL,'hoanghoa',NULL),(389,'+18325394579','Bhchfuf',NULL,NULL,NULL,'hoanghoa',NULL),(390,'+18327795475','Phuong Fuck',NULL,NULL,NULL,'hoanghoa',NULL),(391,'+18326735555','Phuong Handsome',NULL,NULL,NULL,'hoanghoa',NULL),(392,'+841655594954','Phương',NULL,NULL,NULL,'hoanghoa',NULL),(393,'+18326435678','Phuong Nguyen',NULL,NULL,NULL,'hoanghoa',NULL),(394,'+18326435984','Thuan Gay',NULL,NULL,NULL,'hoanghoa',NULL),(395,'+18327795475','Phuong',NULL,NULL,NULL,'hoanghoa',NULL),(396,'+18327795475','Andh',NULL,NULL,NULL,'hoanghoa',NULL),(397,'+18327795475','Kahah',NULL,NULL,NULL,'hoanghoa',NULL),(398,'+18327795475','Thuận Iu Kiệt',NULL,NULL,NULL,'hoanghoa',NULL),(399,'+18327795475','Thuan Gay',NULL,NULL,NULL,'hoanghoa',NULL),(400,'+18326435678','Thuan Ga',NULL,NULL,NULL,'hoanghoa',NULL),(401,'+18326435984','Duy Bd',NULL,NULL,NULL,'hoanghoa',NULL),(402,'+18325435434','Thuan Bddddd',NULL,NULL,NULL,'hoanghoa',NULL),(403,'+18327643045','Duy Duy',NULL,NULL,NULL,'hoanghoa',NULL),(404,'+18328949640','Phuong Phuong',NULL,NULL,NULL,'hoanghoa',NULL),(405,'+18325394579','Kiet Kiet',NULL,NULL,NULL,'hoanghoa',NULL),(406,'+18375674567','Thuan Gayyyy',NULL,NULL,NULL,'hoanghoa',NULL),(407,'+18335465473','Tieu Thuan',NULL,NULL,NULL,'hoanghoa',NULL),(408,'+18389345356','Thuận Tiểu Mỹ Thụ',NULL,NULL,NULL,'hoanghoa',NULL),(409,'+18375485649','Bede Kiet',NULL,NULL,NULL,'hoanghoa',NULL),(410,'+18356385339','King Of The Killer',NULL,NULL,NULL,'hoanghoa',NULL),(411,'+18327795475','Kiet Bigbang',NULL,NULL,NULL,'hoanghoa',NULL),(412,'+18326735555','Phuong Mtp',NULL,NULL,NULL,'hoanghoa',NULL),(413,'+18326435678','Duy Trunh Thang Binh',NULL,NULL,NULL,'hoanghoa',NULL),(414,'+18326435984','Alo Alo',NULL,NULL,NULL,'hoanghoa',NULL),(415,'+18325435434','Phan Van Tai Em',NULL,NULL,NULL,'hoanghoa',NULL),(416,'+18327643045','Huynh Van Duc',NULL,NULL,NULL,'hoanghoa',NULL),(417,'+18328949640','Luong Xuan Truong',NULL,NULL,NULL,'hoanghoa',NULL),(418,'+18325394579','Nguyen Luong Tuan Kiet',NULL,NULL,NULL,'hoanghoa',NULL),(419,'+18375674567','Nguyễn Thế Phương',NULL,NULL,NULL,'hoanghoa',NULL),(421,'+18389345356','Phan Thành Thuận',NULL,NULL,NULL,'hoanghoa',NULL),(422,'+18375485649','Công Công',NULL,NULL,NULL,'hoanghoa',NULL),(423,'+18356385339','Công Vinh',NULL,NULL,NULL,'hoanghoa',NULL),(424,'+18321235679','Công Phượng',NULL,NULL,NULL,'hoanghoa',NULL),(425,'+18346972342','Phuong Công Chúa',NULL,NULL,NULL,'hoanghoa',NULL),(426,'+18397342345','Nguyễn Thủ Khoa',NULL,NULL,NULL,'hoanghoa',NULL),(427,'+18326743377','Trần Đức Giang',NULL,NULL,NULL,'hoanghoa',NULL),(428,'+18327575475','Nguyễn Mạnh Cường',NULL,NULL,NULL,'hoanghoa',NULL),(429,'+18327257904','Nguyễn Thị Trang',NULL,NULL,NULL,'hoanghoa',NULL),(430,'+18324567640','Nguyễn Thu Thảo',NULL,NULL,NULL,'hoanghoa',NULL),(431,'+18322678787','Thuan',NULL,NULL,NULL,'hoanghoa',NULL),(432,'+18327795475','Nguyễn Hồng Thuận',NULL,NULL,0,'hoanghoa',NULL),(433,'+18327795475','Tiến Đạt',NULL,NULL,NULL,'hoanghoa',NULL),(434,'+18327795475','Hoàng Hoa',NULL,NULL,NULL,'hoanghoa',NULL),(442,'+18327795475','Thế Phương',NULL,NULL,NULL,'hoanghoa',NULL),(443,'+18327795475','Thanh Thuan',NULL,NULL,NULL,'hoanghoa',NULL),(444,'+18327795475','Cao Duy',NULL,NULL,NULL,'hoanghoa',NULL),(445,'+18327795475','Cong Tang Ton Nu Ta Thi Tong Tưng',NULL,NULL,NULL,'hoanghoa',NULL),(446,'+18327795475','Tuấn Tùng',NULL,NULL,NULL,'hoanghoa',NULL),(447,'+84969456169','Phuong Nguyen',NULL,NULL,NULL,'hoanghoa',NULL),(448,'+84969456123','Thanh Thuan Gay',NULL,NULL,NULL,'hoanghoa',NULL),(449,'+84969456123','Duc Giang',NULL,NULL,NULL,'hoanghoa',NULL),(450,'+84969412342','Manh Cuong',NULL,NULL,NULL,'hoanghoa',NULL),(451,'+84969412342','Van Chuong',NULL,NULL,NULL,'hoanghoa',NULL),(452,'+84969412342','Liễu ',NULL,NULL,NULL,'hoanghoa',NULL),(453,'+84969412342','Liễu Quỳnh ',NULL,NULL,NULL,'hoanghoa',NULL),(454,'+841217964795','Trần Thị Hoạt',NULL,NULL,NULL,'hoanghoa',NULL),(455,'+18327795475','First Blood',NULL,NULL,NULL,'hoanghoa',NULL),(456,'+18327795475','Nét Mả',NULL,NULL,NULL,'hoanghoa',NULL),(457,'+18327795475','Ochoa',NULL,NULL,NULL,'hoanghoa',NULL),(458,'+18327795475','Hazard',NULL,NULL,NULL,'hoanghoa',NULL),(459,'+18327795475','Takuda',NULL,NULL,NULL,'hoanghoa',NULL),(460,'+18327795475','Tsubasa',NULL,NULL,NULL,'hoanghoa',NULL),(461,'+18327795475','Ve Di Kiệt',NULL,NULL,NULL,'hoanghoa',NULL),(462,'+18327795475','Dung Cai Win Nua',NULL,NULL,NULL,'hoanghoa',NULL),(463,'+18327795475','Kiệt Kiệt',NULL,NULL,NULL,'hoanghoa',NULL),(464,'+18326735555','Sao M Chua Ve Nua Kiệt',NULL,NULL,NULL,'hoanghoa',NULL),(465,'+18326435678','An Cơm No Qua',NULL,NULL,NULL,'hoanghoa',NULL),(466,'+18326435984','An Lượng Kho Ngon Qua',NULL,NULL,NULL,'hoanghoa',NULL),(467,'+18325435434','Thang Kiệt An 2 Miếng',NULL,NULL,NULL,'hoanghoa',NULL),(468,'+18327643045','Thằng Phường Khen Ngon',NULL,NULL,NULL,'hoanghoa',NULL),(469,'+18328949640','Mà Thằng Kiệt Chê Dở',NULL,NULL,NULL,'hoanghoa',NULL),(470,'+18325394579','Phương Và Kiệt Uống Nước Cam',NULL,NULL,NULL,'hoanghoa',NULL),(471,'+18375674567','Ly Của Kiệt Chua Quá',NULL,NULL,NULL,'hoanghoa',NULL),(472,'+18335465473','Tất Vào Mặt Nhau',NULL,NULL,NULL,'hoanghoa',NULL),(473,'+18389345356','Quất Nó Đi',NULL,NULL,NULL,'hoanghoa',NULL),(474,'+18327795475','Công Tằng Tôn Nữ Tạ Tốn',NULL,NULL,NULL,'hoanghoa',NULL),(475,'+18327795475','Thuận Tạ',NULL,NULL,NULL,'hoanghoa',NULL),(476,'+18326435678','Duy Bê Đê',NULL,NULL,NULL,'hoanghoa',NULL),(477,'+18326435984','Thuận Thương Kiệt',NULL,NULL,NULL,'hoanghoa',NULL),(478,'+18325435434','Kiệt Keo Kiệt',NULL,NULL,NULL,'hoanghoa',NULL),(479,'+18327643045','Tấn Dũng',NULL,NULL,NULL,'hoanghoa',NULL),(480,'+18328949640','Messi',NULL,NULL,NULL,'hoanghoa',NULL),(481,'+84969412342','Thuận ',NULL,NULL,NULL,'hoanghoa',NULL),(482,'+84969412342','Kiệt Kiệt',NULL,NULL,NULL,'hoanghoa',NULL),(483,'+84969412342','Phan Thị Thành ',NULL,NULL,NULL,'hoanghoa',NULL),(484,'+84969412342','Phan Thị Thành Thuận ',NULL,NULL,NULL,'hoanghoa',NULL),(485,'+84969412342','Liễu Liễu ',NULL,NULL,NULL,'hoanghoa',NULL),(486,'+84969412342','Thành ',NULL,NULL,NULL,'hoanghoa',NULL),(487,'+84969412342','Thành Thuận ',NULL,NULL,NULL,'hoanghoa',NULL),(488,'+84969412342','Tuấn Duy ',NULL,NULL,NULL,'hoanghoa',NULL),(489,'+84969412342','Lệ Quyên ',NULL,NULL,NULL,'hoanghoa',NULL),(490,'+84969412342','Tuấn Cường ',NULL,NULL,NULL,'hoanghoa',NULL),(491,'+84969412342','Thuỳ Linh ',NULL,NULL,NULL,'hoanghoa',NULL),(492,'+84969412342','Thuấn Cao ',NULL,NULL,NULL,'hoanghoa',NULL),(493,'+84969412342','Lê Trạch ',NULL,NULL,NULL,'hoanghoa',NULL),(494,'+84969412342','Lê Trạch Dinh',NULL,NULL,NULL,'hoanghoa',NULL),(495,'+84969412342','Vo Quoc Trinh',NULL,NULL,NULL,'hoanghoa',NULL),(496,'+84969412342','Nhieu Si Luc',NULL,NULL,NULL,'hoanghoa',NULL),(497,'+84969345159','Nguyen Tan Tai',NULL,NULL,NULL,'hoanghoa',NULL),(498,'+84969345159','Tan Loc',NULL,NULL,NULL,'hoanghoa',NULL),(499,'+84969345159','Nguyen Cao Duy',NULL,NULL,NULL,'hoanghoa',NULL),(500,'+84969345159','Nguyen Duy Hai',NULL,NULL,NULL,'hoanghoa',NULL),(501,'+84969345159','Tuan Kiet',NULL,NULL,NULL,'hoanghoa',NULL),(502,'+84969345159','Hoang Long',NULL,NULL,NULL,'hoanghoa',NULL),(503,'+84969345159','Hoang Dai Thien',NULL,NULL,NULL,'hoanghoa',NULL),(504,'+84969345159','Thuan Ga',NULL,NULL,NULL,'hoanghoa',NULL),(505,'+84969345159','Kiet Kiet',NULL,NULL,NULL,'hoanghoa',NULL),(506,'+84969345159','Nguyen Luong Tuan Kiet',NULL,NULL,0,'hoanghoa',NULL),(507,'+84969345159','Nguyen Hoai Lam',NULL,NULL,NULL,'hoanghoa',NULL),(508,'+84969345159','Nguyen Hoai Lam',NULL,NULL,NULL,'hoanghoa',NULL),(509,'+84969345159','Nguyen Thanh Hoang',NULL,NULL,NULL,'hoanghoa',NULL),(510,'+84969345159','Nguyen Toan Nguyen',NULL,NULL,NULL,'hoanghoa',NULL),(511,'+84969345159','Nguyen Van Cuong',NULL,NULL,NULL,'hoanghoa',NULL),(512,'+84969345159','Nguyen Thi Trang',NULL,NULL,NULL,'hoanghoa',NULL),(513,'+84969345159','Nguyen Thi Thuy Trang',NULL,NULL,NULL,'hoanghoa',NULL),(514,'+84969345159','Lam Tam Nhu',NULL,NULL,NULL,'hoanghoa',NULL),(515,'+84969345159','Nguyen Viet Sin',NULL,NULL,NULL,'hoanghoa',NULL),(516,'+84969345159','Hoang Thanh Binh',NULL,NULL,NULL,'hoanghoa',NULL),(517,'+84969345159','Hoang Manh Cuong',NULL,NULL,NULL,'hoanghoa',NULL),(518,'+84969345159','Nguyen Thanh Binh',NULL,NULL,NULL,'hoanghoa',NULL),(519,'+84969345159','Nguyen Van Quyen',NULL,NULL,NULL,'hoanghoa',NULL),(520,'+84969345159','Pham Thanh Luong',NULL,NULL,NULL,'hoanghoa',NULL),(521,'+84969345159','Dang Thi Tuong Vi',NULL,NULL,NULL,'hoanghoa',NULL),(522,'+84969345159','Nguyen Thuy Vi',NULL,NULL,NULL,'hoanghoa',NULL),(523,'+84969345159','Hoang Dai Thien Long',NULL,NULL,NULL,'hoanghoa',NULL),(524,'+84969345159','Nguyen Van Chuong',NULL,NULL,NULL,'hoanghoa',NULL),(525,'+84969345159','Tran Huy Chuong',NULL,NULL,NULL,'hoanghoa',NULL),(526,'+84969345159','Tran Huy Lieu',NULL,NULL,NULL,'hoanghoa',NULL),(527,'+84969345159','Hoang Van ',NULL,NULL,NULL,'hoanghoa',NULL),(528,'+84969345159','Ly Kieu Van',NULL,NULL,NULL,'hoanghoa',NULL),(529,'+84969345159','Hoang Tan Loi',NULL,NULL,NULL,'hoanghoa',NULL),(530,'+84969345159','Ngay Lua Doi',NULL,NULL,NULL,'hoanghoa',NULL),(531,'+84969345159','Thanh Van',NULL,NULL,NULL,'hoanghoa',NULL),(532,'+84969345159','Tran Duc Giang',NULL,NULL,NULL,'hoanghoa',NULL),(533,'+84969345159','Nham Thi Thuy Trang',NULL,NULL,NULL,'hoanghoa',NULL),(534,'+84969345159','Tuong Vi',NULL,NULL,NULL,'hoanghoa',NULL),(535,'+84969345159','Manh Cuong',NULL,NULL,NULL,'hoanghoa',NULL),(536,'+84969345159','Phuong Thao',NULL,NULL,NULL,'hoanghoa',NULL),(537,'+84969345159','Tan Loi',NULL,NULL,NULL,'hoanghoa',NULL),(538,'+84969345159','Nguyen Thu Khoa',NULL,NULL,NULL,'hoanghoa',NULL),(539,'+84969345159','Nguyen Thu Khoa',NULL,NULL,NULL,'hoanghoa',NULL),(540,'+84969345159','Phan Thành Thuậnn',NULL,NULL,0,'hoanghoa',NULL),(541,'+84969345159','Nguyen Tan Loi',NULL,NULL,NULL,'hoanghoa',NULL),(542,'+84969345159','Phan Thi Hang',NULL,NULL,NULL,'hoanghoa',NULL),(543,'+84969345159','Phan Ba Huy Toan',NULL,NULL,NULL,'hoanghoa',NULL),(544,'+84969345159','Phan Gia Long',NULL,NULL,NULL,'hoanghoa',NULL),(545,'+84969345159','Nguyen Thi  Nhu Ngoc',NULL,NULL,NULL,'hoanghoa',NULL),(546,'+84969345159','Nguyen Nhu Ha',NULL,NULL,NULL,'hoanghoa',NULL),(547,'+84969345159','Phi Minh Long',NULL,NULL,NULL,'hoanghoa',NULL),(548,'+84969345159','Ho Minh Tri',NULL,NULL,NULL,'hoanghoa',NULL),(549,'+84969345159','Ho Minh Tri',NULL,NULL,NULL,'hoanghoa',NULL),(550,'+84969345159','Nguyen Huy Hung',NULL,NULL,NULL,'hoanghoa',NULL),(551,'+84969248184','Nguyen Huy Hung',NULL,NULL,NULL,'hoanghoa',NULL),(552,'+84969248184','Phan Gia Long',NULL,NULL,NULL,'hoanghoa',NULL),(553,'+84969248184','Nguyen Ngoc Tram Anh',NULL,NULL,NULL,'hoanghoa',NULL),(554,'+84969248184','Ho Huy Hoang',NULL,NULL,NULL,'hoanghoa',NULL),(555,'+84969248184','Nguyen Huy Hoang',NULL,NULL,NULL,'hoanghoa',NULL),(556,'+84969248184','Nguyen Ngoc Long',NULL,NULL,NULL,'hoanghoa',NULL),(557,'+84969248184','Nguyen Anh Minh',NULL,NULL,NULL,'hoanghoa',NULL),(558,'+84969248184','Truong Minh Huy',NULL,NULL,NULL,'hoanghoa',NULL),(559,'+84969248184','Ho Gia Hung',NULL,NULL,NULL,'hoanghoa',NULL),(560,'+84969248184','Thuan Ga',NULL,NULL,NULL,'hoanghoa',NULL),(561,'+84969248184','Thuan Kiet ',NULL,NULL,NULL,'hoanghoa',NULL),(562,'+84969248184','Nguyen Quang Thuan',NULL,NULL,NULL,'hoanghoa',NULL),(563,'+84969248184','Kieu Trong Khanh',NULL,NULL,NULL,'hoanghoa',NULL),(564,'+84969248184','Nguyen Cao Duy',NULL,NULL,NULL,'hoanghoa',NULL),(565,'+84969248184','Nguyen Luong Tuan Kiet',NULL,NULL,NULL,'hoanghoa',NULL),(566,'+84969248184','Nguyen The Phuong',NULL,NULL,NULL,'hoanghoa',NULL),(567,'+84969248184','Tran Duc Giang',NULL,NULL,NULL,'hoanghoa',NULL),(568,'+18327795475','Số Nào Vậy',NULL,NULL,NULL,'hoanghoa',NULL),(569,'+18326735555','Còn Đây Là Số Nào',NULL,NULL,NULL,'hoanghoa',NULL),(570,'+18326435678','Tin Nhắn Đâu',NULL,NULL,NULL,'hoanghoa',NULL),(571,'+18327795475','Phan Anh Minh',NULL,NULL,NULL,'hoanghoa',NULL),(572,'+18326735555','Vũ Hoàng Nam',NULL,NULL,NULL,'hoanghoa',NULL),(573,'+18326435678','Nguyễn Tuấn Thành',NULL,NULL,NULL,'hoanghoa',NULL),(574,'+18326435984','Nguyễn Khanh',NULL,NULL,NULL,'hoanghoa',NULL),(575,'+18325435434','Nguyễn Sỹ Quang',NULL,NULL,NULL,'hoanghoa',NULL),(576,'+18327643045','Nguyễn Thiện Nhân',NULL,NULL,NULL,'hoanghoa',NULL),(577,'+18328949640','Nguyễn Chỉ Anh',NULL,NULL,NULL,'hoanghoa',NULL),(578,'+18326435984','Where?',NULL,NULL,NULL,'hoanghoa',NULL),(581,'+18327795475','Thuận Heo',NULL,NULL,NULL,'hoanghoa',NULL),(582,'+18326735555','Thuan Ga',NULL,NULL,NULL,'hoanghoa',NULL),(583,'+18326435678','Nguyễn Cao Duy',NULL,NULL,0,'hoanghoa',NULL),(584,'+18326435984','Có Tâm Vào Thuận ',NULL,NULL,NULL,'hoanghoa',NULL),(585,'+18325435434','Nhớ Đúng Deadline ',NULL,NULL,NULL,'hoanghoa',NULL),(586,'+84969345159','Phuong',NULL,NULL,NULL,'hoanghoa',NULL),(587,'+18327643045','Ksjjsjs',NULL,NULL,NULL,'hoanghoa',NULL),(589,'+18326735555','Trần Văn Thiênn','dia chiiiii','2013-03-04 00:00:00',1,'hoanghoa',NULL),(590,'+18326435678','Phan bá đạo',NULL,'1970-01-01 00:00:00',0,'hoanghoa',NULL),(591,'+18326435984','Mường Tiến Thông',NULL,'1970-01-01 00:00:00',0,'hoanghoa',NULL),(592,'+18325435434','Phạm Văn Đang',NULL,'1970-01-01 00:00:00',0,'hoanghoa',NULL),(593,'+18327643045','Hồ Thái Sung',NULL,'1970-01-01 00:00:00',0,'hoanghoa',NULL),(594,'+18328949640','Mặc Văn Khoa',NULL,'1970-01-01 00:00:00',0,'hoanghoa',NULL),(595,'+18325394579','Hoàng Dược Sư',NULL,'1970-01-01 00:00:00',0,'hoanghoa',NULL),(596,'+18375674567','Sa Thị Hoa',NULL,'1970-01-01 00:00:00',0,'hoanghoa',NULL),(597,'+18335465473','Nguyễn Phạm Nhân',NULL,'1970-01-01 00:00:00',0,'hoanghoa',NULL),(598,'+18389345356','Đồng Văn Lâm',NULL,'1970-01-01 00:00:00',0,'hoanghoa',NULL),(599,'+84969345159','Nguyễn Trần Thuý Hoàn','dia chi nè','1969-12-31 00:00:00',0,'hoanghoa',NULL),(600,'+18356385339','Vũ Thị Kim Lệ',NULL,'1970-01-01 00:00:00',0,'hoanghoa',NULL),(601,'+18321235679','Bùi Hữu Chiến',NULL,'1970-01-01 00:00:00',0,'hoanghoa',NULL),(602,'+18346972342','Đặng Thị Thanh Huệ',NULL,'1970-01-01 00:00:00',0,'hoanghoa',NULL),(603,'+18397342345','Nguyễn Thị Kim Vân',NULL,'1970-01-01 00:00:00',0,'hoanghoa',NULL),(604,'+18326743377','Nguyễn Thị Vân Trang',NULL,'1970-01-01 00:00:00',0,'hoanghoa',NULL),(605,'+18327575475','Lồ Thị Xuân Hương',NULL,'1970-01-01 00:00:00',0,'hoanghoa',NULL),(606,'+18327257904','Nguyễn Thế Phương',NULL,NULL,NULL,'hoanghoa',NULL),(607,'+84969345159','Nguyễn Thuý Hằng',NULL,NULL,NULL,'hoanghoa',NULL),(608,'+84969345159','Phan Thuận Thuận Thụ',NULL,NULL,0,'hoanghoa',NULL),(609,'+18327795475','Nguyễn Thế Phương','160/1/24 Phan Huy Ích, p12, Gò Vấp, HCM','1996-01-17 00:00:00',1,'hoanghoa',NULL),(610,'+18326735555','Nguyễn Chỉ Ăn','Nhà Thuận óc chó',NULL,0,'hoanghoa',NULL),(612,'+84969345159','Thuận Óc',NULL,NULL,NULL,'hoanghoa',NULL),(613,'+84969345159','Thuận Óc Chó',NULL,'2018-07-14 00:00:00',1,'hoanghoa',NULL),(631,'+18327795475','Thuan',NULL,NULL,0,'hoanghoa',NULL),(632,'+18327795475','Lương Thế Thành',NULL,NULL,NULL,'hoanghoa',NULL),(635,'+84969345159','Phan Thanh Thuận','abc',NULL,2,'hoanghoa',NULL),(641,'+18327795475','Trần Quốc Hưng',NULL,NULL,NULL,'hoanghoa',NULL),(642,'+18327795475','Thế Vương',NULL,NULL,NULL,'hoanghoa',NULL),(643,'+18327795475','Hồng Hoa',NULL,NULL,NULL,'hoanghoa',NULL),(644,'+84969345159','Phan Thành Thuận',NULL,NULL,NULL,'phuongtest1',NULL),(646,'+84969345159','Tuấn Kiệt','abc',NULL,0,'phuongtest1',NULL),(647,'+84969345159','Cao Duy',NULL,NULL,NULL,'phuongtest1',NULL),(648,'+84969345159','Ngọc Khánh',NULL,NULL,NULL,'phuongtest1',NULL),(649,'+84969345159','Nhật Khánh',NULL,NULL,NULL,'phuongtest1',NULL),(650,'+84969345159','Hồng Nhi',NULL,NULL,NULL,'phuongtest1',NULL),(651,'+84969345159','Thuý Vi',NULL,NULL,NULL,'phuongtest1',NULL),(652,'+84969345159','Đặng Tường Vi',NULL,NULL,NULL,'phuongtest1',NULL),(653,'+84969345159','Tuyết Nhi',NULL,NULL,NULL,'phuongtest1',NULL),(654,'+84969345159','Tú Anh',NULL,NULL,0,'phuongtest1',NULL),(660,'+18327795475','Phan Thành Thuận','123ccc',NULL,0,'hoanghoa',NULL),(661,'+18327795475','Lê Văn Dư','abc','2018-07-08 00:00:00',0,'hoanghoa',NULL),(662,'+18327795475','Hiếu Nghĩ',NULL,NULL,NULL,'hoanghoa',NULL),(663,'+18327795475','Lan Quế Hương',NULL,NULL,NULL,'hoanghoa',NULL),(664,'+18327795475','Hồng Hà',NULL,NULL,NULL,'hoanghoa',NULL),(665,'+18327795475','Mai Văn Tán',NULL,NULL,NULL,'hoanghoa',NULL),(666,'+18327795475','Thuận Gâu Gâu',NULL,NULL,NULL,'hoanghoa',NULL),(667,'+18327795475','Tiểu Thuận',NULL,NULL,NULL,'hoanghoa',NULL),(668,'+18327795475','Thuận Tiểu Mỹ Thụ',NULL,NULL,NULL,'hoanghoa',NULL),(669,'+18327795475','Giang Thần',NULL,NULL,NULL,'hoanghoa',NULL),(670,'+18327795475','Tôn Thất Thuyết',NULL,NULL,NULL,'hoanghoa',NULL),(671,'+18327795475','Thuận Thuận',NULL,NULL,NULL,'phuongtest1',NULL),(672,'+18327795475','Cao Duy',NULL,NULL,0,'phuongtest1','+84969345159'),(673,'+18327795475','Hoàng Hoa',NULL,NULL,NULL,'phuongtest1',NULL),(674,'+18327795475','Thuận Kiệt',NULL,NULL,NULL,'phuongtest1',NULL),(675,'+18327795475','Thế Phương',NULL,NULL,NULL,'phuongtest1',NULL),(676,'+18327795475','Đức Giang',NULL,NULL,NULL,'phuongtest1',NULL),(677,'+18327795475','Đức Hoài',NULL,NULL,NULL,'phuongtest1',NULL),(678,'+18327795475','Đức Phúc',NULL,NULL,NULL,'phuongtest1',NULL),(679,'+18327795475','Nguyễn Xuân Phúc',NULL,NULL,NULL,'phuongtest1',NULL),(680,'+18327795475','Hoàng Trọng Tài',NULL,NULL,NULL,'phuongtest1',NULL),(681,'+18327795475','Nguyễn Việt Anh',NULL,NULL,NULL,'phuongtest1',NULL),(682,'+18327795475','Thuận Óc Bò',NULL,NULL,NULL,'phuongtest1',NULL),(683,'+18327795475','Nguyễn Thế Phương',NULL,NULL,NULL,'phuongtest1',NULL),(684,'+18326735555','Kiều Trọng Khánh',NULL,NULL,NULL,'phuongtest1',NULL),(685,'+18326435678','Trần Hồng Nhi',NULL,NULL,NULL,'phuongtest1',NULL),(686,'+18326435984','Phan Võ Tuyết Nhi',NULL,NULL,NULL,'phuongtest1',NULL),(687,'+18325435434','Huynh Hoàng',NULL,NULL,NULL,'phuongtest1',NULL),(688,'+18327643045','Phúc Huỳnh',NULL,NULL,NULL,'phuongtest1',NULL),(689,'+18328949640','Hoàng Minh',NULL,NULL,NULL,'phuongtest1',NULL),(690,'+18325394579','Nguyễn Cao Mỹ Duyên',NULL,NULL,NULL,'phuongtest1',NULL),(691,'+18375674567','Noo Phước Thịnh',NULL,NULL,NULL,'phuongtest1',NULL),(692,'+18335465473','Minh Trâm',NULL,NULL,NULL,'phuongtest1',NULL),(693,'+18389345356','Đan Lêeee',NULL,NULL,0,'phuongtest1',NULL),(694,'+84969345159','Phan Thanh Thuận',NULL,NULL,NULL,'phuongtest1',NULL),(695,'+84969345159','Phương Tuoi L',NULL,NULL,0,'phuongtest1',NULL),(696,'+84969345159','Ahihi',NULL,NULL,NULL,'phuongtest1',NULL),(698,'+84969345159','Long Tứ',NULL,NULL,NULL,'phuongtest1',NULL),(699,'+84969345159','Long Four',NULL,NULL,NULL,'phuongtest1',NULL),(700,'+18327795475','Châu Nhuận Phát','abc',NULL,0,'phuongtest1',NULL),(701,'+18326735555','Angela Baby',NULL,NULL,NULL,'phuongtest1',NULL),(702,'+18326435678','Thuận Phan',NULL,NULL,NULL,'phuongtest1',NULL),(703,'+18327795475','Thuận Gu Gu',NULL,NULL,0,'hoanghoa',NULL),(704,'+18326735555','Hoàng Hoa Thám',NULL,NULL,0,'hoanghoa','+18327795475'),(705,'+18326435678','Niêu Thị',NULL,NULL,0,'hoanghoa',NULL),(706,'+18326435984','Ha Nường Na',NULL,NULL,0,'hoanghoa',NULL),(707,'+18325435434','Liêu Trâu',NULL,NULL,0,'hoanghoa',NULL),(708,'+18327643045','Lý Tinh Tù',NULL,NULL,0,'hoanghoa',NULL),(709,'+18326435984','Hoàng Thái Thiện',NULL,NULL,NULL,'phuongtest1',NULL),(710,'+18325435434','Cao Duy',NULL,NULL,NULL,'phuongtest1',NULL),(711,'+18327643045','Thế Phương',NULL,NULL,NULL,'phuongtest1',NULL),(712,'+18328949640','Phan Thành Thuận',NULL,NULL,NULL,'phuongtest1',NULL),(713,'+18325394579','Võ Văn Chương',NULL,NULL,NULL,'phuongtest1',NULL),(714,'+18375674567','Lý Liễu Quỳnh',NULL,NULL,NULL,'phuongtest1',NULL),(715,'+18335465473','Lý Lệ Quyên',NULL,NULL,NULL,'phuongtest1',NULL),(716,'+18327795475','Hera Kiều Anh',NULL,NULL,NULL,'hoanghoa',NULL),(717,'+18327795475','Trâm Anh',NULL,NULL,NULL,'hoanghoa',NULL),(718,'+84969345159','Nguyễn Trần Thuy Hoa',NULL,NULL,NULL,'phuongtest1',NULL),(719,'+184969345159','Phan Thành Thuận',NULL,NULL,0,'hoanghoa',NULL),(720,'+18326735555','Nguyễn Tư Duy',NULL,NULL,NULL,'hoanghoa',NULL),(721,'+18493210796','Hera Kiều Anh',NULL,NULL,0,'hoanghoa',NULL),(722,'+18327795475','Trần Hồng Nhi','abcc','2018-07-25 00:00:00',1,'phuongtest1','+84969345159'),(723,'+18326735555','Lý Liễu Quỳnh','abc',NULL,0,'phuongtest1',NULL),(724,'+18326435678','Nguyễn Cao Duy Nhin',NULL,NULL,0,'phuongtest1',NULL),(726,'+18326735555','Nguyễn Thế Phương',NULL,NULL,NULL,'hoanghoa',NULL),(727,'+18326735555','Nguyễn Thế Phương',NULL,NULL,NULL,'phuongtest1',NULL),(728,'+18326435678','Nguyễn Cao Duy',NULL,NULL,NULL,'phuongtest1',NULL),(729,'+18326435984','Nguyễn Lương Tuấn Kiệt',NULL,NULL,NULL,'phuongtest1',NULL),(730,'+18327795475','Trần Đức Giang',NULL,NULL,NULL,'phuongtest1',NULL),(731,'+18327795475','Hoang Trong Dai',NULL,NULL,0,'phuongtest1',NULL),(732,'+18327795475','Lý Liễu Quỳnh',NULL,NULL,0,'phuongtest1',NULL),(736,'+18327795475','Abb',NULL,NULL,0,'phuongtest1',NULL),(738,'+84969345159','Châu Nhuận Phát',NULL,NULL,0,'phuongtest1',NULL),(742,'+18327795475','123',NULL,NULL,NULL,'clinicdemo',NULL),(746,'+18327795475','Lý Liễu Quỳnh',NULL,NULL,NULL,'hoanghoa',NULL),(747,'+18327795475','Huỳnh Thúc Kháng',NULL,NULL,NULL,'phuongtest1',NULL),(748,'+18327795475','Phạm Trọng Nhân',NULL,NULL,NULL,'phuongtest1',NULL),(749,'+18327795475','Nguyễn Xuân Trường',NULL,NULL,NULL,'phuongtest1',NULL),(757,'+84969345678','Nguyen The Phuong',NULL,NULL,0,'phuongtest1','+84969345159'),(758,'+84969345678','Phan Thanh Thuan',NULL,NULL,0,'phuongtest1','+84969345159'),(759,'+84969345678','Cao Duy',NULL,NULL,NULL,'phuongtest1',NULL),(760,'+84969345678','Nguyen Cao Duy',NULL,NULL,NULL,'phuongtest1',NULL),(761,'+84969345678','Nguyen Luong Tuan Kiet',NULL,NULL,NULL,'phuongtest1',NULL),(762,'+84969345678','Dao Tuan Hung',NULL,NULL,NULL,'phuongtest1','+84969345987'),(763,'+84969345678','Hoang Dai Thien Long',NULL,NULL,NULL,'phuongtest1',NULL),(764,'+84969345678','Huynh Vo Thien Phuc',NULL,NULL,NULL,'phuongtest1',NULL),(779,'+18327795475','Huỳnh Nhật Hoa',NULL,NULL,0,'hoanghoa',NULL),(780,'+84969345678','Huynh Hoang',NULL,NULL,NULL,'phuongtest1',NULL),(783,'+18327795475','Nguyễn Hoàng Khoa',NULL,NULL,0,'hoanghoa',NULL),(784,'+84969345159','Dao Tuan Dung',NULL,NULL,NULL,'phuongtest1',NULL),(787,'+18327795475','Tung Lam',NULL,NULL,NULL,'phuongtest1',NULL),(788,'+18327795475','Nguyễn Hoài Nam',NULL,'2018-07-14 00:00:00',0,'hoanghoa',NULL),(796,'+18327795475','Nguyễn Thanh Thư','abc',NULL,0,'hoanghoa',NULL),(797,'+18327795475','Nguyễn Anh Tú',NULL,NULL,0,'hoanghoa',NULL),(799,'+18326735555','Nguyễn Cao Duy',NULL,NULL,NULL,'hoanghoa',NULL),(800,'+18326435678','Nguyễn Lương Tuấn Kiệt',NULL,NULL,NULL,'hoanghoa',NULL),(801,'+18326435984','Hoàng Quốc Huynh',NULL,NULL,NULL,'hoanghoa',NULL),(802,'+18325435434','Huỳnh Võ Thiên Phúc',NULL,NULL,NULL,'hoanghoa',NULL),(803,'+18327643045','Trần Hồng Nhi',NULL,NULL,NULL,'hoanghoa',NULL),(804,'+18328949640','Tôn Thất Thuyết',NULL,NULL,NULL,'hoanghoa',NULL),(820,'+18327795475','Huỳnh Võ Thiên Phúc',NULL,NULL,NULL,'hoanghoa',NULL),(821,'+18327795475','Hoàng Quốc Huynh',NULL,NULL,NULL,'hoanghoa',NULL),(822,'+84938833251','Nguyễn Bùi Hoàng Minh',NULL,NULL,0,'chotdemo2','+84965415105'),(823,'+84935378896','Tao Tên Là Đoàn Bảo Quyên',NULL,NULL,NULL,'chotdemo2',NULL),(825,'+84938833251','Anh Đọc Trước Rồi 20 Hoàng Minh',NULL,NULL,NULL,'chotdemo2',NULL),(826,'+84938833251','Nguyễn Hoàng Minh',NULL,NULL,NULL,'chotdemo2',NULL),(827,'+84935378896','Tên Là Đoàn Bảo Huy',NULL,NULL,NULL,'chotdemo2',NULL),(828,'+84938282487','Hoàng Minh',NULL,NULL,NULL,'chotdemo2',NULL),(830,'+84908133304','Kieu Trong Khanh',NULL,NULL,NULL,'chotdemo2',NULL),(831,'+18327795475','12345 12345',NULL,NULL,NULL,'hoanghoa',NULL),(832,'+18327795475','May Gion Mat Vs T Ha',NULL,NULL,NULL,'phuongtest1',NULL),(833,'+18327795475','Thang Nhoc Ac',NULL,NULL,NULL,'phuongtest1',NULL),(834,'+18327795475','Lalala',NULL,NULL,NULL,'phuongtest1',NULL),(835,'+18327795475','Lalaland',NULL,NULL,NULL,'phuongtest1',NULL),(836,'+18327795475','Coolness',NULL,NULL,NULL,'phuongtest1',NULL),(837,'+18327795475','Way You Guys',NULL,NULL,NULL,'phuongtest1',NULL),(838,'+18326735555','Phuong Noi',NULL,NULL,NULL,'phuongtest1',NULL),(839,'+18326435678','Chu Nhat',NULL,NULL,NULL,'phuongtest1',NULL),(840,'+18326435984','Anh Em Dc Nghi',NULL,NULL,NULL,'phuongtest1',NULL),(841,'+84969345159','Tèo Em',NULL,NULL,NULL,'phuongtest1',NULL),(842,'+84969345159','Tèo Anh',NULL,NULL,NULL,'phuongtest1',NULL),(843,'+84969345159','Tèo Hàng Xóm',NULL,NULL,NULL,'phuongtest1',NULL),(844,'+18327795475','Phan Thành Thuận','abc',NULL,0,'chotdemo2',NULL),(845,'+18326735555','Cao Duy Cao Tuổi',NULL,NULL,0,'chotdemo2',NULL),(847,'+18327795475','Thôi Im Đi',NULL,NULL,NULL,'chotdemo2',NULL),(849,'+18327795475','Thường Xuyên',NULL,NULL,NULL,'chotdemo3',NULL),(850,'+18327795475','Phương Thích Bị Điên',NULL,NULL,NULL,'chotdemo3',NULL),(851,'+18327795475','Kiệt Thích Cãi',NULL,NULL,NULL,'chotdemo3',NULL),(852,'+18327795475','Thuận Kpop',NULL,NULL,NULL,'chotdemo3',NULL),(853,'+84969345159','Tèo Phuong',NULL,NULL,NULL,'phuongtest1',NULL),(854,'+18327795475','Nguyễn Cao Duy',NULL,NULL,NULL,'hoanghoa',NULL),(855,'+84938833251','Tôi Tên Là Nguyễn Bùi Hoàng Minh',NULL,NULL,NULL,'hoanghoa',NULL),(856,'+84938833251','Lê Thiện Duy',NULL,NULL,NULL,'hoanghoa',NULL),(857,'+84908133304','Kieu Diem Quyen',NULL,NULL,NULL,'hoanghoa',NULL),(858,'+18327795475','Tôi Tên Là Nguyễn Cao Duy',NULL,NULL,NULL,'hoanghoa',NULL),(859,'+84969345159','Thế Phương',NULL,NULL,NULL,'hoanghoa',NULL),(860,'+84969345159','Duy Bê Đê',NULL,NULL,NULL,'hoanghoa',NULL),(861,'+84969345159','Thuận Cây Bóp',NULL,NULL,NULL,'hoanghoa',NULL),(862,'+84969345159','Testabc',NULL,NULL,NULL,'phuongtest1',NULL),(863,'+84969345159','Thuận Cây Bóp',NULL,NULL,NULL,'phuongtest1',NULL),(864,'+84969345159','Thuận Thuận Tiểu Mỹ Thụ',NULL,NULL,NULL,'phuongtest1',NULL),(865,'+84969345159','Duy Thụ Của Thuận',NULL,NULL,NULL,'phuongtest1',NULL),(866,'+84932107960','Thuận Nhiều Chiện',NULL,NULL,NULL,'phuongtest1',NULL),(867,'+84969345159','Thuận Nói Nhiều',NULL,NULL,NULL,'phuongtest1',NULL),(868,'+84969345159','Nguyễn Thế Phương',NULL,NULL,NULL,'phuongtest1',NULL),(869,'+84969345159','Nguyễn Thế Phương',NULL,NULL,NULL,'hoanghoa',NULL),(870,'+84969345159','Nguyễn Cao Duy',NULL,NULL,NULL,'hoanghoa',NULL),(871,'+84969345159','Phan Thành Thuận',NULL,NULL,NULL,'hoanghoa',NULL),(872,'+84969345159','nguyễn Lương Tuấn Kiệt',NULL,NULL,NULL,'hoanghoa',NULL),(873,'+84969345159','kiều Trọng Khánh',NULL,NULL,NULL,'hoanghoa',NULL),(874,'+84969345159','lý Liễu Quỳnh',NULL,NULL,NULL,'hoanghoa',NULL),(875,'+84969345159','Hoàng Quốc Huynh',NULL,NULL,NULL,'hoanghoa',NULL),(876,'+84969345159','Huỳnh Võ Thiên Phúc',NULL,NULL,NULL,'hoanghoa',NULL),(877,'+84969345159','Huỳnh Võ Thiên Phúc',NULL,NULL,NULL,'phuongtest1',NULL),(878,'+18327795475','Duy Bd',NULL,NULL,NULL,'hoanghoa',NULL),(879,'+18327795475','Gpd Sakura Tập',NULL,NULL,NULL,'hoanghoa',NULL),(880,'+18327795475','Đi Về Đi',NULL,NULL,NULL,'hoanghoa',NULL),(881,'+18327795475','Gpd',NULL,NULL,NULL,'hoanghoa',NULL),(882,'+18327795475','Jbb',NULL,NULL,NULL,'hoanghoa',NULL),(883,'+18327795475','Duy Dây',NULL,NULL,NULL,'hoanghoa',NULL),(884,'+18327795475','B',NULL,NULL,NULL,'hoanghoa',NULL),(885,'+18327795475','Đức Phúc',NULL,NULL,NULL,'hoanghoa',NULL),(886,'+18327795475','Đức Chính',NULL,NULL,NULL,'hoanghoa',NULL),(887,'+18327795475','',NULL,NULL,NULL,'hoanghoa',NULL),(888,'+18327795475','Thiện Duy',NULL,NULL,NULL,'hoanghoa',NULL),(889,'+18327795475','Thiện Vy',NULL,NULL,NULL,'hoanghoa',NULL),(890,'+18327795475','Học Hân Võ',NULL,NULL,0,'hoanghoa',NULL),(891,'+18327795475','Nguyễn Duy Hải',NULL,NULL,0,'hoanghoa',NULL),(892,'+18327795475','Vũ Chu',NULL,NULL,0,'hoanghoa',NULL),(893,'+18327795475','Nguyễn Văn Trọn',NULL,NULL,0,'hoanghoa',NULL),(894,'+18327795475','Phương Sống Ảo',NULL,NULL,NULL,'hoanghoa',NULL),(895,'+18327795475','trần Thanh Phong',NULL,NULL,0,'hoanghoa',NULL),(896,'+18327795475','Cao Huy Bảo',NULL,NULL,0,'hoanghoa',NULL),(897,'+18327795475','Long Phạm',NULL,NULL,0,'hoanghoa',NULL),(898,'+18327795475','Đặng Như Quỳnh',NULL,NULL,0,'hoanghoa',NULL),(899,'+18327795475','Đây Là Phương',NULL,NULL,NULL,'phuongtest1',NULL),(900,'+18327795475','',NULL,NULL,NULL,'phuongtest1',NULL),(901,'+18327795475','Nguyễn Lương Tuấn Kiệt',NULL,NULL,NULL,'phuongtest1',NULL),(902,'+18327795475','Dê Già Đang Làm Gì Đó',NULL,NULL,NULL,'phuongtest1',NULL);
/*!40000 ALTER TABLE `tbl_patient` ENABLE KEYS */;
UNLOCK TABLES;

--
-- Table structure for table `tbl_regimen`
--

DROP TABLE IF EXISTS `tbl_regimen`;
/*!40101 SET @saved_cs_client     = @@character_set_client */;
/*!40101 SET character_set_client = utf8 */;
CREATE TABLE `tbl_regimen` (
  `clinicUsername` varchar(20) NOT NULL,
  `diseaseID` bigint(11) NOT NULL,
  `reminding` varchar(255) CHARACTER SET utf8 DEFAULT NULL,
  PRIMARY KEY (`clinicUsername`,`diseaseID`)
) ENGINE=InnoDB DEFAULT CHARSET=latin1;
/*!40101 SET character_set_client = @saved_cs_client */;

--
-- Dumping data for table `tbl_regimen`
--

LOCK TABLES `tbl_regimen` WRITE;
/*!40000 ALTER TABLE `tbl_regimen` DISABLE KEYS */;
INSERT INTO `tbl_regimen` VALUES ('chotdemo2',1,'Ăn uống đúng giờ, không bỏ bữa'),('chotdemo2',2,'Kiêng đồ ăn dầu mỡ'),('chotdemo2',3,'Kiêng rượu bia, thuốc lá'),('chotdemo2',4,'Kiêng trái cây'),('chotdemo2',5,'Kiêng ăn thịt'),('hoanghoa',1,'Kiêng rượu bia'),('hoanghoa',2,'Kiêng rượu bia, thuốc lá'),('hoanghoa',3,'Kiêng đồ ăn dầu mỡ'),('phuongtest1',1,'Kiêng đồ ăn dầu mỡ'),('phuongtest1',2,'Ăn uống đúng giờ, không bỏ bữa');
/*!40000 ALTER TABLE `tbl_regimen` ENABLE KEYS */;
UNLOCK TABLES;

--
-- Table structure for table `tbl_regimen_medicine`
--

DROP TABLE IF EXISTS `tbl_regimen_medicine`;
/*!40101 SET @saved_cs_client     = @@character_set_client */;
/*!40101 SET character_set_client = utf8 */;
CREATE TABLE `tbl_regimen_medicine` (
  `ID` int(11) NOT NULL AUTO_INCREMENT,
  `clinicUsername` varchar(20) DEFAULT NULL,
  `diseaseID` bigint(11) DEFAULT NULL,
  `medicineID` bigint(11) DEFAULT NULL,
  `quantity` int(11) DEFAULT NULL,
  `description` varchar(255) CHARACTER SET utf8 DEFAULT NULL,
  PRIMARY KEY (`ID`)
) ENGINE=InnoDB AUTO_INCREMENT=24 DEFAULT CHARSET=latin1;
/*!40101 SET character_set_client = @saved_cs_client */;

--
-- Dumping data for table `tbl_regimen_medicine`
--

LOCK TABLES `tbl_regimen_medicine` WRITE;
/*!40000 ALTER TABLE `tbl_regimen_medicine` DISABLE KEYS */;
INSERT INTO `tbl_regimen_medicine` VALUES (1,'hoanghoa',1,1,30,'Ngày uống 3 lần sau khi ăn'),(2,'hoanghoa',1,2,20,'Ngày uống 2 lần sau ăn sáng và tối'),(3,'hoanghoa',1,4,10,'Ngày uống 1 lần sau ăn trưa'),(4,'hoanghoa',2,6,30,'Ngày uống 3 lần sau khi ăn'),(5,'phuongtest1',1,1,30,'Ngày uống 3 lần sau khi ăn'),(6,'phuongtest1',2,2,20,'Ngày uống 2 lần sau ăn sáng và tối'),(7,'phuongtest1',2,6,10,'Ngày uống 1 lần sau ăn trưa'),(8,'hoanghoa',3,7,30,'Ngày uống 3 lần sau khi ăn'),(9,'hoanghoa',3,8,20,'Ngày uống 2 lần sau ăn sáng và tối'),(10,'chotdemo2',1,2,20,'Ngày uống 2 lần sau ăn sáng và tối'),(11,'chotdemo2',2,1,30,'Ngày uống 1 lần sau ăn trưa'),(12,'chotdemo2',2,7,30,'Ngày uống 2 lần sau ăn sáng và tối'),(13,'chotdemo2',3,8,30,'Ngày uống 1 lần sau ăn trưa'),(14,'chotdemo2',3,1,30,'Ngày uống 2 lần sau ăn sáng và tối'),(15,'chotdemo2',1,6,30,'Ngày uống 3 lần sau khi ăn'),(16,'chotdemo2',4,1,20,'Ngày uống 2 lần sau ăn sáng và tối'),(17,'chotdemo2',4,1,20,'Ngày uống 2 lần sau ăn sáng và tối'),(18,'chotdemo2',4,5,30,'Ngày uống 3 lần sau'),(19,'chotdemo2',4,7,20,'Ngày uống 2 trước ăn sáng và tối'),(20,'chotdemo2',5,8,20,'Ngày uống 2 lần sau ăn sáng và tối'),(21,'chotdemo2',5,3,20,'Ngày uống 2 lần sau ăn sáng và tối'),(22,'chotdemo2',5,10,30,'Ngày uống 3 lần sau'),(23,'chotdemo2',5,14,20,'Ngày uống 2 trước ăn sáng và tối');
/*!40000 ALTER TABLE `tbl_regimen_medicine` ENABLE KEYS */;
UNLOCK TABLES;

--
-- Table structure for table `tbl_role`
--

DROP TABLE IF EXISTS `tbl_role`;
/*!40101 SET @saved_cs_client     = @@character_set_client */;
/*!40101 SET character_set_client = utf8 */;
CREATE TABLE `tbl_role` (
  `roleID` tinyint(255) NOT NULL,
  `name` varchar(255) CHARACTER SET utf8 DEFAULT NULL,
  PRIMARY KEY (`roleID`)
) ENGINE=InnoDB DEFAULT CHARSET=latin1;
/*!40101 SET character_set_client = @saved_cs_client */;

--
-- Dumping data for table `tbl_role`
--

LOCK TABLES `tbl_role` WRITE;
/*!40000 ALTER TABLE `tbl_role` DISABLE KEYS */;
INSERT INTO `tbl_role` VALUES (0,'Admin'),(1,'Clinic'),(2,'Staff');
/*!40000 ALTER TABLE `tbl_role` ENABLE KEYS */;
UNLOCK TABLES;

--
-- Table structure for table `tbl_token`
--

DROP TABLE IF EXISTS `tbl_token`;
/*!40101 SET @saved_cs_client     = @@character_set_client */;
/*!40101 SET character_set_client = utf8 */;
CREATE TABLE `tbl_token` (
  `ID` bigint(20) NOT NULL AUTO_INCREMENT,
  `token` varchar(255) DEFAULT NULL,
  `expiredDate` datetime DEFAULT NULL,
  `username` varchar(20) DEFAULT NULL,
  PRIMARY KEY (`ID`)
) ENGINE=InnoDB AUTO_INCREMENT=180 DEFAULT CHARSET=latin1;
/*!40101 SET character_set_client = @saved_cs_client */;

--
-- Dumping data for table `tbl_token`
--

LOCK TABLES `tbl_token` WRITE;
/*!40000 ALTER TABLE `tbl_token` DISABLE KEYS */;
/*!40000 ALTER TABLE `tbl_token` ENABLE KEYS */;
UNLOCK TABLES;

--
-- Table structure for table `tbl_twilio`
--

DROP TABLE IF EXISTS `tbl_twilio`;
/*!40101 SET @saved_cs_client     = @@character_set_client */;
/*!40101 SET character_set_client = utf8 */;
CREATE TABLE `tbl_twilio` (
  `phoneNumber` varchar(15) NOT NULL,
  `accountSid` varchar(255) DEFAULT NULL,
  `authToken` varchar(255) DEFAULT NULL,
  PRIMARY KEY (`phoneNumber`)
) ENGINE=InnoDB DEFAULT CHARSET=latin1;
/*!40101 SET character_set_client = @saved_cs_client */;

--
-- Dumping data for table `tbl_twilio`
--

LOCK TABLES `tbl_twilio` WRITE;
/*!40000 ALTER TABLE `tbl_twilio` DISABLE KEYS */;
INSERT INTO `tbl_twilio` VALUES ('+12762547405','ACd57d3cc272b9a0819318bb5dbce84417','877e4a0c9a528ba5356e45961365a084'),('+18338363884','ACc45f902c815667b7c29d510d9229ba74','a3122beb666b057aed109d0d8110b865'),('+18443865801','ACcf94addc80eb23449ad9c905294d33f0','1a09bbdf0bd235837a941bc92d10759b'),('+18443948383','AC5b4d2c6c96b684d25b283d49f138cbd1','08fc749849bb4d6ce4948003bdd47363'),('+18552664165','ACd2195a582d3b8010ebb32d3a60b2743e','707a2651bf7744225da15aba07e2b388'),('+18554784510','AC9806daa6d307992a8e8770a14461fd0c','65eec56f93c981d67fc924420b20eece'),('+18557549349','ACa1af72639ac06713167d8e81fcf0a0f5','c2684427738fb0751e73d828787d4901'),('+18882013125','ACc88bee4677419771e935b7379886d9a7','2fd20252aa10273209df7d91f09af47d'),('+18882713991','ACa10a18bd0eb2ddfc7075e59726aef534','36774b55e9363be31af66f8e2d9c9f0c'),('+19792136847','AC0182c9b950c8fe1229f93aeb40900a5d','903448ab8b8a1e8a59bf62126841bd10');
/*!40000 ALTER TABLE `tbl_twilio` ENABLE KEYS */;
UNLOCK TABLES;

--
-- Table structure for table `tbl_user`
--

DROP TABLE IF EXISTS `tbl_user`;
/*!40101 SET @saved_cs_client     = @@character_set_client */;
/*!40101 SET character_set_client = utf8 */;
CREATE TABLE `tbl_user` (
  `username` varchar(20) NOT NULL,
  `password` varchar(72) DEFAULT '',
  `phoneNumber` varchar(15) DEFAULT NULL,
  `role` tinyint(255) DEFAULT NULL,
  `isActive` tinyint(1) DEFAULT NULL,
  `fullName` varchar(50) CHARACTER SET utf8 DEFAULT '',
  `email` varchar(255) DEFAULT NULL,
  PRIMARY KEY (`username`)
) ENGINE=InnoDB DEFAULT CHARSET=latin1;
/*!40101 SET character_set_client = @saved_cs_client */;

--
-- Dumping data for table `tbl_user`
--

LOCK TABLES `tbl_user` WRITE;
/*!40000 ALTER TABLE `tbl_user` DISABLE KEYS */;
INSERT INTO `tbl_user` VALUES ('admin','$2b$10$NYh3sOuEvQRLolRpAw.bJOlRWs0KE/fBMdN2blugKOrqHorme3b5C','09139283818',0,1,'Phương Nguyễn','thephuongadmin@gmail.comm'),('chotdemo3','$2b$10$3tPheq1UyYE8phWtbJCu/ODUBe3U44wdIqyyZK7zSQ5K99e6K7dki','+18557549349',1,1,'','phuongntse62087@gmail.com'),('chotdemo4','$2b$10$aG6rxzW8iJnWZHYsmMu/9ued9tpGvGNSZebJZ86W12Qxt9FdCUvQO','+1234567890',1,1,'','thuanptse62063@fpt.edu.vn'),('clinicdemo','$2b$10$pAo7Yo6M4esicc0uPjzT8ukGFdglGToX15uporz9x7nODd7sg5bYW','+12762547405',1,0,NULL,'clinicdemo@gmail.com'),('duync','$2b$10$UMGchvqnvi85BeQzBz56J.UehCkf1eKkKBpHSr8U./LOAz1WJtxke',NULL,1,0,'duyncccc','asdasd@gmail.comm'),('duync5','$2b$10$XKaB2Uu8dBOU2tIZj874N.fJNZo7h7UEqXW3VJA1Yp0i/ybBI7VB6','12321333332',1,1,NULL,'thuan@gmail.com'),('duyncse61032','$2b$10$lC/vvmE3nFgbgCiDmJMl6.tM6u6oj8bDl5sZtx1N20KWH51is1hH6','+18327795475',1,0,'','duyncse61032@fpt.edu.vn'),('hoahong','$2b$10$ccpWfXtXm90n0LvEB6Z9u.nNWAODCztIgeTjel4rTuygElUwLrsTO',NULL,1,1,NULL,NULL),('hoanghoa','$2b$10$eVHURdR89BAn1aW/FE5KYOKvXMmXI29lu7SHqjNGr4opL9soomJ12','+18552664165',1,1,NULL,'dantruongoc@gmail.com'),('jupiter','$2b$10$qp56hNawisEW.kTuIWFzCOICZyuORSH5212YYF0WGmfKXVTVZXM4e','0913829832',0,1,'Nguyễn Thị Kiều Oanh','oanhkieu@gmail.com'),('kietkiet','$2b$10$AKUi1V0H65qT67o2m7qrAO/KXrNlQp6tTSFNWarczw31/k.dQ0jJG','441231232',1,1,NULL,NULL),('kietnlt','$2b$10$AZQJXWKeJBeJ6iPsuoxEaeY5MPkYMLKUFLo8tmhPG6LslXqPuOVVG','',1,0,'Nguyễn Lương Tuấn Kiệt','Email'),('kingofthekiller','$2b$10$Y5SsHynWvuOLgJJKzu9PHOaHFIo4ItpnT5qNinaKC2dx/TKuZxWv6','+18554784510',1,1,NULL,''),('mars','$2b$10$f4NCpICFRa9NxEQG8JT0NO/PEpPPACqILt3mK5CU0DwwXHvRyu6yy','8327775595',0,0,'This is smart','mars@gmail.com'),('mercury','$2b$10$D8oDnJaKuVc.CZSIy4O47.nXr2rulhvh1EX4S7utdSdzGSUlXGTF2','0932144793',0,1,'Thuận Phan','thuanphan@gmail.com'),('payaccount','$2b$10$g.iKglIzpFFdNGmMbc0btOCmrV4ESBCoBOCDVg/pz7XJNOMeH7QaW',NULL,1,0,NULL,NULL),('pays','$2b$10$DC1Um7vg0V/vUQJKaxVSFORlAllnEADzvRcwmYQR07gFiJtaRgD4u',NULL,1,0,NULL,NULL),('phuongtest1','$2b$10$9Cq9gm0MHRbx30Tw/aD49ue9mB/vp1jO9ah/A.jYV0WKryddHRyu.','+18882713991',1,1,NULL,'thephuongcqt@gmail.com'),('pluto','$2b$10$0KttbXarQswp6I0bYZMU2OaIkSPS0dD3kcqRVOTNsz0Yga64f259.','093021931',0,0,'sssss','pluto@gmail.com'),('saturn','$2b$10$Z/JiH4a2Zx8cVzQf1n5ftOh/DtiZhYeNQvB9sYTwR5gEjj4zBvf9C','0936238188',0,0,'Saturn Name','saturn@gmail.com'),('staff','$2b$10$8/tsnPoelez/YWS61TAhu.ltI5HjKM0IJ0SLMnKUPP5lEhB6tkGP.','09876543522',2,1,'Staff Phươngg','phuong@gmail.comm'),('staffne','$2b$10$saYHtV8/skwSfbSqMuwml.iTOReSJkr9x30fko18ZyTq45Pp/LqDS','182738917232',2,0,'staff vui  tínhn','staffahihi@gmail.comm'),('sun','$2b$10$bF/zRRs6dn6vRd93BfNLv.2.2fBxwovZHBP.Hmqy5MSvlQ6T.w69y','0977442333',0,0,'Tuấn Kiệt','tuankiet@gmail.com'),('test','$2b$10$87emT96HfVRYaiMluGxlp.XSL1M8y/5IXVwgmRdARWlIH9CiW6r6i','12312412',0,0,'123wqeqwe','31qweqeqwe'),('test123','$2b$10$/cnUE.vkVwlfVJiP.2T8nOA4lcAfHlrcGfEqhv/AktjnbdGy7D0RG',NULL,1,0,NULL,NULL),('test2','$2b$10$IByNDVufnjsIoO2ch6luIukyjk1jX9mCcIq/T3rZF1Uz7j//EUr5.','+123',1,0,'','234@gsdf'),('testRegister','$2b$10$WB8weOkPWVK3F0iyraYyjulCRYXmtZ/bMpiRiEsRtZw2EdPcso3pq',NULL,1,0,NULL,' phuongnt@mailinator.com'),('testRegister1','$2b$10$MjWt5.P1Z.XzFgkHxKFRVePqufweOTbCOxxd6dsw/shfml5rR7zAm','8326665998',1,1,NULL,'phuongntse@mailinator.com'),('thanhthuan','$2b$10$GbrcB/JLK08EvhTS1OyhUuvq772iU8hDKgD66RoTYbyMJJNHCiSpm',NULL,1,0,NULL,NULL),('thephuong12','$2b$10$dXOtXr6HYkd5w7Z34EOqDeILFMA.R4RNLfPrSB4v1713eNodVht1m','1234912345',1,0,NULL,NULL),('thuan','$2b$10$VQ9Dd1LS3zF6YX2a5aoAhuNpz/EJXwqQYKppgVjW9OV6bFSVV1p2i',NULL,1,0,NULL,NULL),('thuanne','$2b$10$OeiEL2gmrA.13Mlmw0YxReB53Z2fTq7T0XadDDPSrEeP92D4oOhfK','17238721893',2,1,'phan thuan','thuanphan@gmail.com'),('thuannh','$2b$10$yc62YeLEeIX2nSgpiueLQeYpHgDTzh7QWOhYc5z2fGBYL4S0z7IcC','8327775599',1,0,NULL,NULL),('thuanphan','$2b$10$FB7BlCxJQE5yJYUPMcwVReAxH5k6Yfrk1oSARZ/V1l4PmTRpZX.bu','0912223289',0,1,'Thành Thuận','thanhthuan@gmail.com'),('thuanpt','$2b$10$LZkYAVM4uf6wXw4.CrK.K.kkth0dzlNKiYnSC05iWkX6/FuZttcYK','0916352766',1,1,NULL,'thuanpt159@gmail.com'),('thuanpt62063','$2b$10$3sWosw/TwvO.vLQiwujS8e9ZMHQBSkB5oAqc3P.actdn0fE.vA8Ca','1932421323',0,0,NULL,NULL),('thuantrontask','$2b$10$hoxkD2L3TIhor3MOm9h1OOnf/FnIH8lFkMBnA5Wc6UrToG1qEHjTy','+1823123537',1,0,'','nguyencaoduy@gmail.com'),('tttnoinhi','$2b$10$1.dqPqYxWgpAFxmVHrFVGOGBHcubNDsAh3GhfISvuB.Z2drhulF5.','+1234567891',1,0,'','tttnoinhi'),('venus','$2b$10$RzMaZY9syov3bakeSPWjU.5wDE7WtWrSMsLD6FBU2lnYHyC4PQgAK','0932311233',0,1,'Nguyễn Cao Duy','');
/*!40000 ALTER TABLE `tbl_user` ENABLE KEYS */;
UNLOCK TABLES;

--
-- Table structure for table `tbl_working_hours`
--

DROP TABLE IF EXISTS `tbl_working_hours`;
/*!40101 SET @saved_cs_client     = @@character_set_client */;
/*!40101 SET character_set_client = utf8 */;
CREATE TABLE `tbl_working_hours` (
  `id` bigint(20) NOT NULL AUTO_INCREMENT,
  `clinicUsername` varchar(20) DEFAULT NULL,
  `startWorking` time DEFAULT NULL,
  `endWorking` time DEFAULT NULL,
  `applyDate` tinyint(255) DEFAULT NULL,
  `isDayOff` tinyint(1) DEFAULT NULL,
  PRIMARY KEY (`id`) USING BTREE
) ENGINE=InnoDB AUTO_INCREMENT=1222 DEFAULT CHARSET=latin1;
/*!40101 SET character_set_client = @saved_cs_client */;

--
-- Dumping data for table `tbl_working_hours`
--

LOCK TABLES `tbl_working_hours` WRITE;
/*!40000 ALTER TABLE `tbl_working_hours` DISABLE KEYS */;
INSERT INTO `tbl_working_hours` VALUES (1,'hoanghoa','01:00:00','19:00:00',2,0),(2,'hoanghoa','01:00:00','19:00:00',1,0),(4,'hoanghoa','01:00:00','19:00:00',3,0),(5,'hoanghoa','01:00:00','19:00:00',0,1),(6,'hoanghoa','01:00:00','19:00:00',4,0),(7,'hoanghoa','01:00:00','19:00:00',5,0),(8,'hoanghoa','01:00:00','19:00:00',6,1),(276,'clinicdemo','17:00:00','20:00:00',0,0),(277,'clinicdemo','17:00:00','20:00:00',1,0),(278,'clinicdemo','17:00:00','20:00:00',4,0),(279,'clinicdemo','17:00:00','20:00:00',2,0),(280,'clinicdemo','17:00:00','20:00:00',3,0),(281,'clinicdemo','17:00:00','20:00:00',5,0),(282,'clinicdemo','17:00:00','20:00:00',6,0),(829,'phuongtest1','13:00:00','17:00:00',0,0),(830,'phuongtest1','13:00:00','17:00:00',1,0),(831,'phuongtest1','13:00:00','17:00:00',2,0),(832,'phuongtest1','13:00:00','17:00:00',3,0),(833,'phuongtest1','13:00:00','17:00:00',4,0),(834,'phuongtest1','13:00:00','17:00:00',5,0),(835,'phuongtest1','13:00:00','17:00:00',6,0),(837,'kingofthekiller','11:00:00','19:00:00',1,0),(838,'kingofthekiller','11:00:00','19:00:00',2,0),(839,'kingofthekiller','11:00:00','19:00:00',3,0),(840,'kingofthekiller','11:00:00','19:00:00',4,0),(841,'kingofthekiller','11:00:00','19:00:00',6,0),(842,'kingofthekiller','11:00:00','19:00:00',5,0),(843,'kingofthekiller','11:00:00','21:00:00',0,0),(1026,'tttnoinhi',NULL,NULL,0,1),(1027,'tttnoinhi',NULL,NULL,1,1),(1028,'tttnoinhi',NULL,NULL,3,1),(1029,'tttnoinhi',NULL,NULL,2,1),(1030,'tttnoinhi',NULL,NULL,4,1),(1031,'tttnoinhi',NULL,NULL,5,1),(1032,'tttnoinhi',NULL,NULL,6,1),(1061,'chotdemo2','15:00:00','18:00:00',0,1),(1062,'chotdemo2','17:00:00','21:00:00',1,0),(1063,'chotdemo2','17:00:00','21:00:00',2,0),(1064,'chotdemo2','17:00:00','21:00:00',3,1),(1065,'chotdemo2','17:00:00','21:00:00',4,1),(1066,'chotdemo2','17:00:00','21:00:00',5,1),(1067,'chotdemo2','13:00:00','19:00:00',6,1),(1096,'chotdemo3','12:59:00','18:58:00',0,0),(1097,'chotdemo3','12:59:00','18:58:00',2,0),(1098,'chotdemo3','12:59:00','18:58:00',1,0),(1099,'chotdemo3','12:59:00','18:58:00',4,0),(1100,'chotdemo3','12:59:00','18:58:00',3,0),(1101,'chotdemo3','12:59:00','18:58:00',5,0),(1102,'chotdemo3','12:59:00','18:58:00',6,0),(1103,'d7a',NULL,NULL,0,1),(1104,'d7a',NULL,NULL,3,1),(1105,'d7a',NULL,NULL,2,1),(1106,'d7a',NULL,NULL,1,1),(1107,'d7a',NULL,NULL,4,1),(1108,'d7a',NULL,NULL,5,1),(1109,'d7a',NULL,NULL,6,1),(1110,'b61',NULL,NULL,0,1),(1111,'b61',NULL,NULL,1,1),(1112,'b61',NULL,NULL,2,1),(1113,'b61',NULL,NULL,3,1),(1114,'b61',NULL,NULL,4,1),(1115,'b61',NULL,NULL,5,1),(1116,'b61',NULL,NULL,6,1),(1117,'thuantrontask',NULL,NULL,0,1),(1118,'thuantrontask',NULL,NULL,1,1),(1119,'thuantrontask',NULL,NULL,3,1),(1120,'thuantrontask',NULL,NULL,2,1),(1121,'thuantrontask',NULL,NULL,4,1),(1122,'thuantrontask',NULL,NULL,5,1),(1123,'thuantrontask',NULL,NULL,6,1),(1124,'ebc',NULL,NULL,0,1),(1125,'ebc',NULL,NULL,1,1),(1126,'ebc',NULL,NULL,2,1),(1127,'ebc',NULL,NULL,4,1),(1128,'ebc',NULL,NULL,3,1),(1129,'ebc',NULL,NULL,6,1),(1130,'ebc',NULL,NULL,5,1),(1131,'6db',NULL,NULL,0,1),(1132,'6db',NULL,NULL,1,1),(1133,'6db',NULL,NULL,2,1),(1134,'6db',NULL,NULL,3,1),(1135,'6db',NULL,NULL,4,1),(1136,'6db',NULL,NULL,5,1),(1137,'6db',NULL,NULL,6,1),(1138,'test2',NULL,NULL,0,1),(1139,'test2',NULL,NULL,1,1),(1140,'test2',NULL,NULL,2,1),(1141,'test2',NULL,NULL,3,1),(1142,'test2',NULL,NULL,4,1),(1143,'test2',NULL,NULL,5,1),(1144,'test2',NULL,NULL,6,1),(1208,'chotdemo4','07:30:00','17:00:00',0,0),(1209,'chotdemo4','07:30:00','17:00:00',1,0),(1210,'chotdemo4','07:30:00','17:00:00',3,0),(1211,'chotdemo4','07:30:00','17:00:00',2,0),(1212,'chotdemo4','07:30:00','17:00:00',5,0),(1213,'chotdemo4','07:30:00','17:00:00',4,0),(1214,'chotdemo4','07:30:00','17:00:00',6,0);
/*!40000 ALTER TABLE `tbl_working_hours` ENABLE KEYS */;
UNLOCK TABLES;
/*!40103 SET TIME_ZONE=@OLD_TIME_ZONE */;

/*!40101 SET SQL_MODE=@OLD_SQL_MODE */;
/*!40014 SET FOREIGN_KEY_CHECKS=@OLD_FOREIGN_KEY_CHECKS */;
/*!40014 SET UNIQUE_CHECKS=@OLD_UNIQUE_CHECKS */;
/*!40101 SET CHARACTER_SET_CLIENT=@OLD_CHARACTER_SET_CLIENT */;
/*!40101 SET CHARACTER_SET_RESULTS=@OLD_CHARACTER_SET_RESULTS */;
/*!40101 SET COLLATION_CONNECTION=@OLD_COLLATION_CONNECTION */;
/*!40111 SET SQL_NOTES=@OLD_SQL_NOTES */;

-- Dump completed on 2018-08-16  9:44:06
